Treatment Month,Tumour Site,% treated within 31 days,,,,,,,,,,
Dec-08,Brain/Central Nervous System,100.0,,,,,,,,,,
Dec-08,Breast Cancer,100.0,,,,,,,,,,
Dec-08,Gynae Cancers,100.0,,,,,,,,,,
Dec-08,Haematological Cancers,100.0,,,,,,,,,,
Dec-08,Head/Neck Cancer,95.5,,,,,,,,,,
Dec-08,Lower Gastrointestinal Cancer,98.7,,,,,,,,,,
Dec-08,Lung Cancer,98.3,,,,,,,,,,
Dec-08,Sarcomas,N/A,,,,,,,,,,
Dec-08,Skin Cancers,98.4,,,,,,,,,,
Dec-08,Upper Gastointestinal Cancer,100.0,,,,,,,,,,
Dec-08,Urological Cancer,91.6,,,,,,,,,,
Dec-08,Other,100.0,,,,,,,,,,
Jan-09,Brain/Central Nervous System,100.0,,,,,,,,,,
Jan-09,Breast Cancer,95.5,,,,,,,,,,
Jan-09,Gynae Cancers,88.4,,,,,,,,,,
Jan-09,Haematological Cancers,100.0,,,,,,,,,,
Jan-09,Head/Neck Cancer,100.0,,,,,,,,,,
Jan-09,Lower Gastrointestinal Cancer,100.0,,,,,,,,,,
Jan-09,Lung Cancer,100.0,,,,,,,,,,
Jan-09,Sarcomas,100.0,,,,,,,,,,
Jan-09,Skin Cancers,96.4,,,,,,,,,,
Jan-09,Upper Gastointestinal Cancer,100.0,,,,,,,,,,
Jan-09,Urological Cancer,88.5,,,,,,,,,,
Jan-09,Other,100.0,,,,,,,,,,
Feb-09,Brain/Central Nervous System,100.0,,,,,,,,,,
Feb-09,Breast Cancer,100.0,,,,,,,,,,
Feb-09,Gynae Cancers,100.0,,,,,,,,,,
Feb-09,Haematological Cancers,100.0,,,,,,,,,,
Feb-09,Head/Neck Cancer,100.0,,,,,,,,,,
Feb-09,Lower Gastrointestinal Cancer,100.0,,,,,,,,,,
Feb-09,Lung Cancer,100.0,,,,,,,,,,
Feb-09,Sarcomas,100.0,,,,,,,,,,
Feb-09,Skin Cancers,97.3,,,,,,,,,,
Feb-09,Upper Gastointestinal Cancer,100.0,,,,,,,,,,
Feb-09,Urological Cancer,90.2,,,,,,,,,,
Feb-09,Other,100.0,,,,,,,,,,
Mar-09,Brain/Central Nervous System,100.0,,,,,,,,,,
Mar-09,Breast Cancer,99.0,,,,,,,,,,
Mar-09,Gynae Cancers,100.0,,,,,,,,,,
Mar-09,Haematological Cancers,100.0,,,,,,,,,,
Mar-09,Head/Neck Cancer,100.0,,,,,,,,,,
Mar-09,Lower Gastrointestinal Cancer,100.0,,,,,,,,,,
Mar-09,Lung Cancer,97.6,,,,,,,,,,
Mar-09,Sarcomas,100.0,,,,,,,,,,
Mar-09,Skin Cancers,99.0,,,,,,,,,,
Mar-09,Upper Gastointestinal Cancer,100.0,,,,,,,,,,
Mar-09,Urological Cancer,95.8,,,,,,,,,,
Mar-09,Other,100.0,,,,,,,,,,
Apr-09,Brain/Central Nervous System,100.0,,,,,,,,,,
Apr-09,Breast Cancer,100.0,,,,,,,,,,
Apr-09,Gynae Cancers,100.0,,,,,,,,,,
Apr-09,Haematological Cancers,100.0,,,,,,,,,,
Apr-09,Head/Neck Cancer,100.0,,,,,,,,,,
Apr-09,Lower Gastrointestinal Cancer,98.6,,,,,,,,,,
Apr-09,Lung Cancer,98.8,,,,,,,,,,
Apr-09,Sarcomas,N/A,,,,,,,,,,
Apr-09,Skin Cancers,98.9,,,,,,,,,,
Apr-09,Upper Gastointestinal Cancer,100.0,,,,,,,,,,
Apr-09,Urological Cancer,94.0,,,,,,,,,,
Apr-09,Other,100.0,,,,,,,,,,
May-09,Brain/Central Nervous System,100.0,,,,,,,,,,
May-09,Breast Cancer,100.0,,,,,,,,,,
May-09,Gynae Cancers,96.9,,,,,,,,,,
May-09,Haematological Cancers,100.0,,,,,,,,,,
May-09,Head/Neck Cancer,95.2,,,,,,,,,,
May-09,Lower Gastrointestinal Cancer,100.0,,,,,,,,,,
May-09,Lung Cancer,100.0,,,,,,,,,,
May-09,Sarcomas,N/A,,,,,,,,,,
May-09,Skin Cancers,100.0,,,,,,,,,,
May-09,Upper Gastointestinal Cancer,100.0,,,,,,,,,,
May-09,Urological Cancer,87.8,,,,,,,,,,
May-09,Other,100.0,,,,,,,,,,
Jun-09,Brain/Central Nervous System,100.0,,,,,,,,,,
Jun-09,Breast Cancer,100.0,,,,,,,,,,
Jun-09,Gynae Cancers,97.9,,,,,,,,,,
Jun-09,Haematological Cancers,100.0,,,,,,,,,,
Jun-09,Head/Neck Cancer,100.0,,,,,,,,,,
Jun-09,Lower Gastrointestinal Cancer,100.0,,,,,,,,,,
Jun-09,Lung Cancer,100.0,,,,,,,,,,
Jun-09,Sarcomas,100.0,,,,,,,,,,
Jun-09,Skin Cancers,100.0,,,,,,,,,,
Jun-09,Upper Gastointestinal Cancer,97.9,,,,,,,,,,
Jun-09,Urological Cancer,93.9,,,,,,,,,,
Jun-09,Other,100.0,,,,,,,,,,
Jul-09,Brain/Central Nervous System,100.0,,,,,,,,,,
Jul-09,Breast Cancer,100.0,,,,,,,,,,
Jul-09,Gynae Cancers,100.0,,,,,,,,,,
Jul-09,Haematological Cancers,100.0,,,,,,,,,,
Jul-09,Head/Neck Cancer,100.0,,,,,,,,,,
Jul-09,Lower Gastrointestinal Cancer,97.5,,,,,,,,,,
Jul-09,Lung Cancer,100.0,,,,,,,,,,
Jul-09,Sarcomas,100.0,,,,,,,,,,
Jul-09,Skin Cancers,100.0,,,,,,,,,,
Jul-09,Upper Gastointestinal Cancer,100.0,,,,,,,,,,
Jul-09,Urological Cancer,95.5,,,,,,,,,,
Jul-09,Other,100.0,,,,,,,,,,
Aug-09,Brain/Central Nervous System,100.0,,,,,,,,,,
Aug-09,Breast Cancer,100.0,,,,,,,,,,
Aug-09,Gynae Cancers,95.7,,,,,,,,,,
Aug-09,Haematological Cancers,100.0,,,,,,,,,,
Aug-09,Head/Neck Cancer,100.0,,,,,,,,,,
Aug-09,Lower Gastrointestinal Cancer,100.0,,,,,,,,,,
Aug-09,Lung Cancer,98.5,,,,,,,,,,
Aug-09,Sarcomas,100.0,,,,,,,,,,
Aug-09,Skin Cancers,100.0,,,,,,,,,,
Aug-09,Upper Gastointestinal Cancer,97.2,,,,,,,,,,
Aug-09,Urological Cancer,95.2,,,,,,,,,,
Aug-09,Other,100.0,,,,,,,,,,
Sep-09,Brain/Central Nervous System,100.0,,,,,,,,,,
Sep-09,Breast Cancer,97.4,,,,,,,,,,
Sep-09,Gynae Cancers,100.0,,,,,,,,,,
Sep-09,Haematological Cancers,100.0,,,,,,,,,,
Sep-09,Head/Neck Cancer,100.0,,,,,,,,,,
Sep-09,Lower Gastrointestinal Cancer,99.0,,,,,,,,,,
Sep-09,Lung Cancer,98.8,,,,,,,,,,
Sep-09,Sarcomas,N/A,,,,,,,,,,
Sep-09,Skin Cancers,98.0,,,,,,,,,,
Sep-09,Upper Gastointestinal Cancer,97.6,,,,,,,,,,
Sep-09,Urological Cancer,90.9,,,,,,,,,,
Sep-09,Other,100.0,,,,,,,,,,
Oct-09,Brain/Central Nervous System,100.0,,,,,,,,,,
Oct-09,Breast Cancer,100.0,,,,,,,,,,
Oct-09,Gynae Cancers,100.0,,,,,,,,,,
Oct-09,Haematological Cancers,100.0,,,,,,,,,,
Oct-09,Head/Neck Cancer,100.0,,,,,,,,,,
Oct-09,Lower Gastrointestinal Cancer,100.0,,,,,,,,,,
Oct-09,Lung Cancer,97.7,,,,,,,,,,
Oct-09,Sarcomas,100.0,,,,,,,,,,
Oct-09,Skin Cancers,98.8,,,,,,,,,,
Oct-09,Upper Gastointestinal Cancer,98.0,,,,,,,,,,
Oct-09,Urological Cancer,91.3,,,,,,,,,,
Oct-09,Other,100.0,,,,,,,,,,
Nov-09,Brain/Central Nervous System,100.0,,,,,,,,,,
Nov-09,Breast Cancer,98.4,,,,,,,,,,
Nov-09,Gynae Cancers,100.0,,,,,,,,,,
Nov-09,Haematological Cancers,100.0,,,,,,,,,,
Nov-09,Head/Neck Cancer,100.0,,,,,,,,,,
Nov-09,Lower Gastrointestinal Cancer,98.8,,,,,,,,,,
Nov-09,Lung Cancer,96.1,,,,,,,,,,
Nov-09,Sarcomas,100.0,,,,,,,,,,
Nov-09,Skin Cancers,100.0,,,,,,,,,,
Nov-09,Upper Gastointestinal Cancer,100.0,,,,,,,,,,
Nov-09,Urological Cancer,90.8,,,,,,,,,,
Nov-09,Other,100.0,,,,,,,,,,
Dec-09,Brain/Central Nervous System,100.0,,,,,,,,,,
Dec-09,Breast Cancer,100.0,,,,,,,,,,
Dec-09,Gynae Cancers,100.0,,,,,,,,,,
Dec-09,Haematological Cancers,100.0,,,,,,,,,,
Dec-09,Head/Neck Cancer,100.0,,,,,,,,,,
Dec-09,Lower Gastrointestinal Cancer,98.8,,,,,,,,,,
Dec-09,Lung Cancer,98.8,,,,,,,,,,
Dec-09,Sarcomas,100.0,,,,,,,,,,
Dec-09,Skin Cancers,98.8,,,,,,,,,,
Dec-09,Upper Gastointestinal Cancer,100.0,,,,,,,,,,
Dec-09,Urological Cancer,91.8,,,,,,,,,,
Dec-09,Other,100.0,,,,,,,,,,
Jan-10,Brain/Central Nervous System,100.0,,,,,,,,,,
Jan-10,Breast Cancer,100.0,,,,,,,,,,
Jan-10,Gynae Cancers,97.1,,,,,,,,,,
Jan-10,Haematological Cancers,100.0,,,,,,,,,,
Jan-10,Head/Neck Cancer,100.0,,,,,,,,,,
Jan-10,Lower Gastrointestinal Cancer,95.3,,,,,,,,,,
Jan-10,Lung Cancer,95.1,,,,,,,,,,
Jan-10,Sarcomas,100.0,,,,,,,,,,
Jan-10,Skin Cancers,100.0,,,,,,,,,,
Jan-10,Upper Gastointestinal Cancer,100.0,,,,,,,,,,
Jan-10,Urological Cancer,96.0,,,,,,,,,,
Jan-10,Other,100.0,,,,,,,,,,
Feb-10,Brain/Central Nervous System,100.0,,,,,,,,,,
Feb-10,Breast Cancer,100.0,,,,,,,,,,
Feb-10,Gynae Cancers,100.0,,,,,,,,,,
Feb-10,Haematological Cancers,100.0,,,,,,,,,,
Feb-10,Head/Neck Cancer,100.0,,,,,,,,,,
Feb-10,Lower Gastrointestinal Cancer,100.0,,,,,,,,,,
Feb-10,Lung Cancer,98.3,,,,,,,,,,
Feb-10,Sarcomas,100.0,,,,,,,,,,
Feb-10,Skin Cancers,100.0,,,,,,,,,,
Feb-10,Upper Gastointestinal Cancer,92.1,,,,,,,,,,
Feb-10,Urological Cancer,92.9,,,,,,,,,,
Feb-10,Other,100.0,,,,,,,,,,
Mar-10,Brain/Central Nervous System,100.0,,,,,,,,,,
Mar-10,Breast Cancer,100.0,,,,,,,,,,
Mar-10,Gynae Cancers,100.0,,,,,,,,,,
Mar-10,Haematological Cancers,100.0,,,,,,,,,,
Mar-10,Head/Neck Cancer,100.0,,,,,,,,,,
Mar-10,Lower Gastrointestinal Cancer,100.0,,,,,,,,,,
Mar-10,Lung Cancer,98.7,,,,,,,,,,
Mar-10,Sarcomas,100.0,,,,,,,,,,
Mar-10,Skin Cancers,100.0,,,,,,,,,,
Mar-10,Upper Gastointestinal Cancer,97.6,,,,,,,,,,
Mar-10,Urological Cancer,91.5,,,,,,,,,,
Mar-10,Other,100.0,,,,,,,,,,
Apr-10,Brain/Central Nervous System,100.0,,,,,,,,,,
Apr-10,Breast Cancer,100.0,,,,,,,,,,
Apr-10,Gynae Cancers,100.0,,,,,,,,,,
Apr-10,Haematological Cancers,100.0,,,,,,,,,,
Apr-10,Head/Neck Cancer,100.0,,,,,,,,,,
Apr-10,Lower Gastrointestinal Cancer,98.5,,,,,,,,,,
Apr-10,Lung Cancer,97.1,,,,,,,,,,
Apr-10,Sarcomas,100.0,,,,,,,,,,
Apr-10,Skin Cancers,100.0,,,,,,,,,,
Apr-10,Upper Gastointestinal Cancer,100.0,,,,,,,,,,
Apr-10,Urological Cancer,89.6,,,,,,,,,,
Apr-10,Other,100.0,,,,,,,,,,
May-10,Brain/Central Nervous System,100.0,,,,,,,,,,
May-10,Breast Cancer,100.0,,,,,,,,,,
May-10,Gynae Cancers,97.5,,,,,,,,,,
May-10,Haematological Cancers,100.0,,,,,,,,,,
May-10,Head/Neck Cancer,95.2,,,,,,,,,,
May-10,Lower Gastrointestinal Cancer,100.0,,,,,,,,,,
May-10,Lung Cancer,96.1,,,,,,,,,,
May-10,Sarcomas,50.0,,,,,,,,,,
May-10,Skin Cancers,100.0,,,,,,,,,,
May-10,Upper Gastointestinal Cancer,100.0,,,,,,,,,,
May-10,Urological Cancer,95.5,,,,,,,,,,
May-10,Other,100.0,,,,,,,,,,
Jun-10,Brain/Central Nervous System,100.0,,,,,,,,,,
Jun-10,Breast Cancer,100.0,,,,,,,,,,
Jun-10,Gynae Cancers,98.0,,,,,,,,,,
Jun-10,Haematological Cancers,100.0,,,,,,,,,,
Jun-10,Head/Neck Cancer,100.0,,,,,,,,,,
Jun-10,Lower Gastrointestinal Cancer,97.8,,,,,,,,,,
Jun-10,Lung Cancer,96.7,,,,,,,,,,
Jun-10,Sarcomas,100.0,,,,,,,,,,
Jun-10,Skin Cancers,100.0,,,,,,,,,,
Jun-10,Upper Gastointestinal Cancer,98.4,,,,,,,,,,
Jun-10,Urological Cancer,91.7,,,,,,,,,,
Jun-10,Other,93.8,,,,,,,,,,
Jul-10,Brain/Central Nervous System,100.0,,,,,,,,,,
Jul-10,Breast Cancer,100.0,,,,,,,,,,
Jul-10,Gynae Cancers,100.0,,,,,,,,,,
Jul-10,Haematological Cancers,100.0,,,,,,,,,,
Jul-10,Head/Neck Cancer,100.0,,,,,,,,,,
Jul-10,Lower Gastrointestinal Cancer,98.6,,,,,,,,,,
Jul-10,Lung Cancer,93.7,,,,,,,,,,
Jul-10,Sarcomas,100.0,,,,,,,,,,
Jul-10,Skin Cancers,100.0,,,,,,,,,,
Jul-10,Upper Gastointestinal Cancer,98.0,,,,,,,,,,
Jul-10,Urological Cancer,91.8,,,,,,,,,,
Jul-10,Other,100.0,,,,,,,,,,
Aug-10,Brain/Central Nervous System,100.0,,,,,,,,,,
Aug-10,Breast Cancer,100.0,,,,,,,,,,
Aug-10,Gynae Cancers,97.3,,,,,,,,,,
Aug-10,Haematological Cancers,100.0,,,,,,,,,,
Aug-10,Head/Neck Cancer,100.0,,,,,,,,,,
Aug-10,Lower Gastrointestinal Cancer,96.3,,,,,,,,,,
Aug-10,Lung Cancer,92.0,,,,,,,,,,
Aug-10,Sarcomas,100.0,,,,,,,,,,
Aug-10,Skin Cancers,98.9,,,,,,,,,,
Aug-10,Upper Gastointestinal Cancer,98.2,,,,,,,,,,
Aug-10,Urological Cancer,91.6,,,,,,,,,,
Aug-10,Other,100.0,,,,,,,,,,
Sep-10,Brain/Central Nervous System,100.0,,,,,,,,,,
Sep-10,Breast Cancer,100.0,,,,,,,,,,
Sep-10,Gynae Cancers,100.0,,,,,,,,,,
Sep-10,Haematological Cancers,100.0,,,,,,,,,,
Sep-10,Head/Neck Cancer,100.0,,,,,,,,,,
Sep-10,Lower Gastrointestinal Cancer,97.1,,,,,,,,,,
Sep-10,Lung Cancer,94.4,,,,,,,,,,
Sep-10,Sarcomas,100.0,,,,,,,,,,
Sep-10,Skin Cancers,99.0,,,,,,,,,,
Sep-10,Upper Gastointestinal Cancer,100.0,,,,,,,,,,
Sep-10,Urological Cancer,89.8,,,,,,,,,,
Sep-10,Other,100.0,,,,,,,,,,
Oct-10,Brain/Central Nervous System,100.0,,,,,,,,,,
Oct-10,Breast Cancer,100.0,,,,,,,,,,
Oct-10,Gynae Cancers,100.0,,,,,,,,,,
Oct-10,Haematological Cancers,100.0,,,,,,,,,,
Oct-10,Head/Neck Cancer,100.0,,,,,,,,,,
Oct-10,Lower Gastrointestinal Cancer,98.9,,,,,,,,,,
Oct-10,Lung Cancer,93.0,,,,,,,,,,
Oct-10,Sarcomas,100.0,,,,,,,,,,
Oct-10,Skin Cancers,100.0,,,,,,,,,,
Oct-10,Upper Gastointestinal Cancer,97.9,,,,,,,,,,
Oct-10,Urological Cancer,95.0,,,,,,,,,,
Oct-10,Other,100.0,,,,,,,,,,
Nov-10,Brain/Central Nervous System,100.0,,,,,,,,,,
Nov-10,Breast Cancer,100.0,,,,,,,,,,
Nov-10,Gynae Cancers,97.4,,,,,,,,,,
Nov-10,Haematological Cancers,100.0,,,,,,,,,,
Nov-10,Head/Neck Cancer,100.0,,,,,,,,,,
Nov-10,Lower Gastrointestinal Cancer,100.0,,,,,,,,,,
Nov-10,Lung Cancer,96.4,,,,,,,,,,
Nov-10,Sarcomas,100.0,,,,,,,,,,
Nov-10,Skin Cancers,99.0,,,,,,,,,,
Nov-10,Upper Gastointestinal Cancer,100.0,,,,,,,,,,
Nov-10,Urological Cancer,91.7,,,,,,,,,,
Nov-10,Other,100.0,,,,,,,,,,
Dec-10,Brain/Central Nervous System,100.0,,,,,,,,,,
Dec-10,Breast Cancer,100.0,,,,,,,,,,
Dec-10,Gynae Cancers,97.5,,,,,,,,,,
Dec-10,Haematological Cancers,100.0,,,,,,,,,,
Dec-10,Head/Neck Cancer,100.0,,,,,,,,,,
Dec-10,Lower Gastrointestinal Cancer,98.7,,,,,,,,,,
Dec-10,Lung Cancer,95.8,,,,,,,,,,
Dec-10,Sarcomas,100.0,,,,,,,,,,
Dec-10,Skin Cancers,98.9,,,,,,,,,,
Dec-10,Upper Gastointestinal Cancer,100.0,,,,,,,,,,
Dec-10,Urological Cancer,93.5,,,,,,,,,,
Dec-10,Other,100.0,,,,,,,,,,
Jan-11,Brain/Central Nervous System,100.0,,,,,,,,,,
Jan-11,Breast Cancer,100.0,,,,,,,,,,
Jan-11,Gynae Cancers,100.0,,,,,,,,,,
Jan-11,Haematological Cancers,100.0,,,,,,,,,,
Jan-11,Head/Neck Cancer,100.0,,,,,,,,,,
Jan-11,Lower Gastrointestinal Cancer,94.1,,,,,,,,,,
Jan-11,Lung Cancer,98.5,,,,,,,,,,
Jan-11,Sarcomas,100.0,,,,,,,,,,
Jan-11,Skin Cancers,98.9,,,,,,,,,,
Jan-11,Upper Gastointestinal Cancer,100.0,,,,,,,,,,
Jan-11,Urological Cancer,96.7,,,,,,,,,,
Jan-11,Other,100.0,,,,,,,,,,
Feb-11,Brain/Central Nervous System,100.0,,,,,,,,,,
Feb-11,Breast Cancer,100.0,,,,,,,,,,
Feb-11,Gynae Cancers,91.3,,,,,,,,,,
Feb-11,Haematological Cancers,100.0,,,,,,,,,,
Feb-11,Head/Neck Cancer,100.0,,,,,,,,,,
Feb-11,Lower Gastrointestinal Cancer,98.8,,,,,,,,,,
Feb-11,Lung Cancer,97.4,,,,,,,,,,
Feb-11,Sarcomas,100.0,,,,,,,,,,
Feb-11,Skin Cancers,100.0,,,,,,,,,,
Feb-11,Upper Gastointestinal Cancer,100.0,,,,,,,,,,
Feb-11,Urological Cancer,95.3,,,,,,,,,,
Feb-11,Other,92.3,,,,,,,,,,
Mar-11,Brain/Central Nervous System,100.0,,,,,,,,,,
Mar-11,Breast Cancer,100.0,,,,,,,,,,
Mar-11,Gynae Cancers,100.0,,,,,,,,,,
Mar-11,Haematological Cancers,100.0,,,,,,,,,,
Mar-11,Head/Neck Cancer,100.0,,,,,,,,,,
Mar-11,Lower Gastrointestinal Cancer,97.4,,,,,,,,,,
Mar-11,Lung Cancer,98.9,,,,,,,,,,
Mar-11,Sarcomas,100.0,,,,,,,,,,
Mar-11,Skin Cancers,98.8,,,,,,,,,,
Mar-11,Upper Gastointestinal Cancer,100.0,,,,,,,,,,
Mar-11,Urological Cancer,93.8,,,,,,,,,,
Mar-11,Other,100.0,,,,,,,,,,
Apr-11,Brain/Central Nervous System,100.0,,,,,,,,,,
Apr-11,Breast Cancer,100.0,,,,,,,,,,
Apr-11,Gynae Cancers,96.3,,,,,,,,,,
Apr-11,Haematological Cancers,100.0,,,,,,,,,,
Apr-11,Head/Neck Cancer,100.0,,,,,,,,,,
Apr-11,Lower Gastrointestinal Cancer,98.8,,,,,,,,,,
Apr-11,Lung Cancer,100.0,,,,,,,,,,
Apr-11,Sarcomas,100.0,,,,,,,,,,
Apr-11,Skin Cancers,98.7,,,,,,,,,,
Apr-11,Upper Gastointestinal Cancer,100.0,,,,,,,,,,
Apr-11,Urological Cancer,93.1,,,,,,,,,,
Apr-11,Other,100.0,,,,,,,,,,
May-11,Brain/Central Nervous System,100.0,,,,,,,,,,
May-11,Breast Cancer,99.1,,,,,,,,,,
May-11,Gynae Cancers,100.0,,,,,,,,,,
May-11,Haematological Cancers,95.7,,,,,,,,,,
May-11,Head/Neck Cancer,100.0,,,,,,,,,,
May-11,Lower Gastrointestinal Cancer,97.8,,,,,,,,,,
May-11,Lung Cancer,98.8,,,,,,,,,,
May-11,Sarcomas,100.0,,,,,,,,,,
May-11,Skin Cancers,97.4,,,,,,,,,,
May-11,Upper Gastointestinal Cancer,100.0,,,,,,,,,,
May-11,Urological Cancer,94.5,,,,,,,,,,
May-11,Other,100.0,,,,,,,,,,
Jun-11,Brain/Central Nervous System,100.0,,,,,,,,,,
Jun-11,Breast Cancer,99.3,,,,,,,,,,
Jun-11,Gynae Cancers,98.1,,,,,,,,,,
Jun-11,Haematological Cancers,100.0,,,,,,,,,,
Jun-11,Head/Neck Cancer,100.0,,,,,,,,,,
Jun-11,Lower Gastrointestinal Cancer,97.2,,,,,,,,,,
Jun-11,Lung Cancer,98.9,,,,,,,,,,
Jun-11,Sarcomas,100.0,,,,,,,,,,
Jun-11,Skin Cancers,100.0,,,,,,,,,,
Jun-11,Upper Gastointestinal Cancer,98.1,,,,,,,,,,
Jun-11,Urological Cancer,92.6,,,,,,,,,,
Jun-11,Other,100.0,,,,,,,,,,
Jul-11,Brain/Central Nervous System,100.0,,,,,,,,,,
Jul-11,Breast Cancer,100.0,,,,,,,,,,
Jul-11,Gynae Cancers,97.8,,,,,,,,,,
Jul-11,Haematological Cancers,100.0,,,,,,,,,,
Jul-11,Head/Neck Cancer,100.0,,,,,,,,,,
Jul-11,Lower Gastrointestinal Cancer,96.5,,,,,,,,,,
Jul-11,Lung Cancer,97.8,,,,,,,,,,
Jul-11,Sarcomas,100.0,,,,,,,,,,
Jul-11,Skin Cancers,100.0,,,,,,,,,,
Jul-11,Upper Gastointestinal Cancer,98.0,,,,,,,,,,
Jul-11,Urological Cancer,95.8,,,,,,,,,,
Jul-11,Other,100.0,,,,,,,,,,
Aug-11,Brain/Central Nervous System,100.0,,,,,,,,,,
Aug-11,Breast Cancer,100.0,,,,,,,,,,
Aug-11,Gynae Cancers,100.0,,,,,,,,,,
Aug-11,Haematological Cancers,100.0,,,,,,,,,,
Aug-11,Head/Neck Cancer,100.0,,,,,,,,,,
Aug-11,Lower Gastrointestinal Cancer,96.8,,,,,,,,,,
Aug-11,Lung Cancer,100.0,,,,,,,,,,
Aug-11,Sarcomas,100.0,,,,,,,,,,
Aug-11,Skin Cancers,93.3,,,,,,,,,,
Aug-11,Upper Gastointestinal Cancer,100.0,,,,,,,,,,
Aug-11,Urological Cancer,93.8,,,,,,,,,,
Aug-11,Other,100.0,,,,,,,,,,
Sep-11,Brain/Central Nervous System,100.0,,,,,,,,,,
Sep-11,Breast Cancer,100.0,,,,,,,,,,
Sep-11,Gynae Cancers,100.0,,,,,,,,,,
Sep-11,Haematological Cancers,100.0,,,,,,,,,,
Sep-11,Head/Neck Cancer,100.0,,,,,,,,,,
Sep-11,Lower Gastrointestinal Cancer,97.5,,,,,,,,,,
Sep-11,Lung Cancer,96.1,,,,,,,,,,
Sep-11,Sarcomas,100.0,,,,,,,,,,
Sep-11,Skin Cancers,96.0,,,,,,,,,,
Sep-11,Upper Gastointestinal Cancer,98.0,,,,,,,,,,
Sep-11,Urological Cancer,98.5,,,,,,,,,,
Sep-11,Other,100.0,,,,,,,,,,
Oct-11,Brain/Central Nervous System,100.0,,,,,,,,,,
Oct-11,Breast Cancer,100.0,,,,,,,,,,
Oct-11,Gynae Cancers,96.3,,,,,,,,,,
Oct-11,Haematological Cancers,100.0,,,,,,,,,,
Oct-11,Head/Neck Cancer,100.0,,,,,,,,,,
Oct-11,Lower Gastrointestinal Cancer,95.9,,,,,,,,,,
Oct-11,Lung Cancer,96.0,,,,,,,,,,
Oct-11,Sarcomas,100.0,,,,,,,,,,
Oct-11,Skin Cancers,98.8,,,,,,,,,,
Oct-11,Upper Gastointestinal Cancer,100.0,,,,,,,,,,
Oct-11,Urological Cancer,90.6,,,,,,,,,,
Oct-11,Other,100.0,,,,,,,,,,
Nov-11,Brain/Central Nervous System,100.0,,,,,,,,,,
Nov-11,Breast Cancer,100.0,,,,,,,,,,
Nov-11,Gynae Cancers,92.5,,,,,,,,,,
Nov-11,Haematological Cancers,100.0,,,,,,,,,,
Nov-11,Head/Neck Cancer,100.0,,,,,,,,,,
Nov-11,Lower Gastrointestinal Cancer,97.7,,,,,,,,,,
Nov-11,Lung Cancer,96.6,,,,,,,,,,
Nov-11,Sarcomas,100.0,,,,,,,,,,
Nov-11,Skin Cancers,95.2,,,,,,,,,,
Nov-11,Upper Gastointestinal Cancer,100.0,,,,,,,,,,
Nov-11,Urological Cancer,94.8,,,,,,,,,,
Nov-11,Other,100.0,,,,,,,,,,
Dec-11,Brain/Central Nervous System,100.0,,,,,,,,,,
Dec-11,Breast Cancer,99.1,,,,,,,,,,
Dec-11,Gynae Cancers,100.0,,,,,,,,,,
Dec-11,Haematological Cancers,100.0,,,,,,,,,,
Dec-11,Head/Neck Cancer,100.0,,,,,,,,,,
Dec-11,Lower Gastrointestinal Cancer,100.0,,,,,,,,,,
Dec-11,Lung Cancer,95.3,,,,,,,,,,
Dec-11,Sarcomas,100.0,,,,,,,,,,
Dec-11,Skin Cancers,98.8,,,,,,,,,,
Dec-11,Upper Gastointestinal Cancer,97.9,,,,,,,,,,
Dec-11,Urological Cancer,94.6,,,,,,,,,,
Dec-11,Other,100.0,,,,,,,,,,
Jan-12,Brain/Central Nervous System,100.0,,,,,,,,,,
Jan-12,Breast Cancer,100.0,,,,,,,,,,
Jan-12,Gynae Cancers,87.2,,,,,,,,,,
Jan-12,Haematological Cancers,100.0,,,,,,,,,,
Jan-12,Head/Neck Cancer,100.0,,,,,,,,,,
Jan-12,Lower Gastrointestinal Cancer,95.8,,,,,,,,,,
Jan-12,Lung Cancer,84.8,,,,,,,,,,
Jan-12,Sarcomas,100.0,,,,,,,,,,
Jan-12,Skin Cancers,95.5,,,,,,,,,,
Jan-12,Upper Gastointestinal Cancer,94.0,,,,,,,,,,
Jan-12,Urological Cancer,92.4,,,,,,,,,,
Jan-12,Other,100.0,,,,,,,,,,
Feb-12,Brain/Central Nervous System,100.0,,,,,,,,,,
Feb-12,Breast Cancer,100.0,,,,,,,,,,
Feb-12,Gynae Cancers,95.0,,,,,,,,,,
Feb-12,Haematological Cancers,100.0,,,,,,,,,,
Feb-12,Head/Neck Cancer,100.0,,,,,,,,,,
Feb-12,Lower Gastrointestinal Cancer,97.5,,,,,,,,,,
Feb-12,Lung Cancer,93.2,,,,,,,,,,
Feb-12,Sarcomas,100.0,,,,,,,,,,
Feb-12,Skin Cancers,96.9,,,,,,,,,,
Feb-12,Upper Gastointestinal Cancer,95.2,,,,,,,,,,
Feb-12,Urological Cancer,92.1,,,,,,,,,,
Feb-12,Other,100.0,,,,,,,,,,
Mar-12,Brain/Central Nervous System,100.0,,,,,,,,,,
Mar-12,Breast Cancer,100.0,,,,,,,,,,
Mar-12,Gynae Cancers,93.5,,,,,,,,,,
Mar-12,Haematological Cancers,100.0,,,,,,,,,,
Mar-12,Head/Neck Cancer,97.1,,,,,,,,,,
Mar-12,Lower Gastrointestinal Cancer,97.0,,,,,,,,,,
Mar-12,Lung Cancer,92.9,,,,,,,,,,
Mar-12,Sarcomas,100.0,,,,,,,,,,
Mar-12,Skin Cancers,97.9,,,,,,,,,,
Mar-12,Upper Gastointestinal Cancer,96.3,,,,,,,,,,
Mar-12,Urological Cancer,97.1,,,,,,,,,,
Mar-12,Other,100.0,,,,,,,,,,
Apr-12,Brain/Central Nervous System,100.0,,,,,,,,,,
Apr-12,Breast Cancer,99.1,,,,,,,,,,
Apr-12,Gynae Cancers,97.1,,,,,,,,,,
Apr-12,Haematological Cancers,100.0,,,,,,,,,,
Apr-12,Head/Neck Cancer,100.0,,,,,,,,,,
Apr-12,Lower Gastrointestinal Cancer,96.0,,,,,,,,,,
Apr-12,Lung Cancer,91.8,,,,,,,,,,
Apr-12,Sarcomas,50.0,,,,,,,,,,
Apr-12,Skin Cancers,100.0,,,,,,,,,,
Apr-12,Upper Gastointestinal Cancer,92.3,,,,,,,,,,
Apr-12,Urological Cancer,93.7,,,,,,,,,,
Apr-12,Other,100.0,,,,,,,,,,
May-12,Brain/Central Nervous System,100.0,,,,,,,,,,
May-12,Breast Cancer,100.0,,,,,,,,,,
May-12,Gynae Cancers,100.0,,,,,,,,,,
May-12,Haematological Cancers,100.0,,,,,,,,,,
May-12,Head/Neck Cancer,100.0,,,,,,,,,,
May-12,Lower Gastrointestinal Cancer,99.0,,,,,,,,,,
May-12,Lung Cancer,92.1,,,,,,,,,,
May-12,Sarcomas,100.0,,,,,,,,,,
May-12,Skin Cancers,100.0,,,,,,,,,,
May-12,Upper Gastointestinal Cancer,100.0,,,,,,,,,,
May-12,Urological Cancer,95.8,,,,,,,,,,
May-12,Other,100.0,,,,,,,,,,
Jun-12,Brain/Central Nervous System,100.0,,,,,,,,,,
Jun-12,Breast Cancer,100.0,,,,,,,,,,
Jun-12,Gynae Cancers,97.6,,,,,,,,,,
Jun-12,Haematological Cancers,100.0,,,,,,,,,,
Jun-12,Head/Neck Cancer,100.0,,,,,,,,,,
Jun-12,Lower Gastrointestinal Cancer,97.5,,,,,,,,,,
Jun-12,Lung Cancer,97.3,,,,,,,,,,
Jun-12,Sarcomas,100.0,,,,,,,,,,
Jun-12,Skin Cancers,97.8,,,,,,,,,,
Jun-12,Upper Gastointestinal Cancer,100.0,,,,,,,,,,
Jun-12,Urological Cancer,94.3,,,,,,,,,,
Jun-12,Other,100.0,,,,,,,,,,
Jul-12,Brain/Central Nervous System,100.0,,,,,,,,,,
Jul-12,Breast Cancer,97.6,,,,,,,,,,
Jul-12,Gynae Cancers,97.4,,,,,,,,,,
Jul-12,Haematological Cancers,100.0,,,,,,,,,,
Jul-12,Head/Neck Cancer,100.0,,,,,,,,,,
Jul-12,Lower Gastrointestinal Cancer,99.0,,,,,,,,,,
Jul-12,Lung Cancer,93.0,,,,,,,,,,
Jul-12,Sarcomas,100.0,,,,,,,,,,
Jul-12,Skin Cancers,99.0,,,,,,,,,,
Jul-12,Upper Gastointestinal Cancer,100.0,,,,,,,,,,
Jul-12,Urological Cancer,91.5,,,,,,,,,,
Jul-12,Other,94.1,,,,,,,,,,
Aug-12,Brain/Central Nervous System,100.0,,,,,,,,,,
Aug-12,Breast Cancer,99.0,,,,,,,,,,
Aug-12,Gynae Cancers,92.6,,,,,,,,,,
Aug-12,Haematological Cancers,97.8,,,,,,,,,,
Aug-12,Head/Neck Cancer,100.0,,,,,,,,,,
Aug-12,Lower Gastrointestinal Cancer,98.8,,,,,,,,,,
Aug-12,Lung Cancer,96.8,,,,,,,,,,
Aug-12,Sarcomas,100.0,,,,,,,,,,
Aug-12,Skin Cancers,98.1,,,,,,,,,,
Aug-12,Upper Gastointestinal Cancer,98.2,,,,,,,,,,
Aug-12,Urological Cancer,94.1,,,,,,,,,,
Aug-12,Other,100.0,,,,,,,,,,
Sep-12,Brain/Central Nervous System,100.0,,,,,,,,,,
Sep-12,Breast Cancer,100.0,,,,,,,,,,
Sep-12,Gynae Cancers,93.2,,,,,,,,,,
Sep-12,Haematological Cancers,100.0,,,,,,,,,,
Sep-12,Head/Neck Cancer,93.8,,,,,,,,,,
Sep-12,Lower Gastrointestinal Cancer,98.9,,,,,,,,,,
Sep-12,Lung Cancer,98.8,,,,,,,,,,
Sep-12,Sarcomas,100.0,,,,,,,,,,
Sep-12,Skin Cancers,99.0,,,,,,,,,,
Sep-12,Upper Gastointestinal Cancer,100.0,,,,,,,,,,
Sep-12,Urological Cancer,94.1,,,,,,,,,,
Sep-12,Other,92.9,,,,,,,,,,
Oct-12,Brain/Central Nervous System,100.0,,,,,,,,,,
Oct-12,Breast Cancer,100.0,,,,,,,,,,
Oct-12,Gynae Cancers,97.8,,,,,,,,,,
Oct-12,Haematological Cancers,100.0,,,,,,,,,,
Oct-12,Head/Neck Cancer,100.0,,,,,,,,,,
Oct-12,Lower Gastrointestinal Cancer,96.6,,,,,,,,,,
Oct-12,Lung Cancer,96.2,,,,,,,,,,
Oct-12,Sarcomas,100.0,,,,,,,,,,
Oct-12,Skin Cancers,98.4,,,,,,,,,,
Oct-12,Upper Gastointestinal Cancer,98.6,,,,,,,,,,
Oct-12,Urological Cancer,88.4,,,,,,,,,,
Oct-12,Other,100.0,,,,,,,,,,
Nov-12,Brain/Central Nervous System,100.0,,,,,,,,,,
Nov-12,Breast Cancer,100.0,,,,,,,,,,
Nov-12,Gynae Cancers,100.0,,,,,,,,,,
Nov-12,Haematological Cancers,100.0,,,,,,,,,,
Nov-12,Head/Neck Cancer,100.0,,,,,,,,,,
Nov-12,Lower Gastrointestinal Cancer,100.0,,,,,,,,,,
Nov-12,Lung Cancer,96.5,,,,,,,,,,
Nov-12,Sarcomas,100.0,,,,,,,,,,
Nov-12,Skin Cancers,100.0,,,,,,,,,,
Nov-12,Upper Gastointestinal Cancer,100.0,,,,,,,,,,
Nov-12,Urological Cancer,94.9,,,,,,,,,,
Nov-12,Other,100.0,,,,,,,,,,
Dec-12,Brain/Central Nervous System,100.0,,,,,,,,,,
Dec-12,Breast Cancer,96.7,,,,,,,,,,
Dec-12,Gynae Cancers,95.5,,,,,,,,,,
Dec-12,Haematological Cancers,100.0,,,,,,,,,,
Dec-12,Head/Neck Cancer,100.0,,,,,,,,,,
Dec-12,Lower Gastrointestinal Cancer,100.0,,,,,,,,,,
Dec-12,Lung Cancer,97.6,,,,,,,,,,
Dec-12,Sarcomas,100.0,,,,,,,,,,
Dec-12,Skin Cancers,99.0,,,,,,,,,,
Dec-12,Upper Gastointestinal Cancer,100.0,,,,,,,,,,
Dec-12,Urological Cancer,98.3,,,,,,,,,,
Dec-12,Other,100.0,,,,,,,,,,
Jan-13,Brain/Central Nervous System,100.0,,,,,,,,,,
Jan-13,Breast Cancer,99.1,,,,,,,,,,
Jan-13,Gynae Cancers,89.8,,,,,,,,,,
Jan-13,Haematological Cancers,100.0,,,,,,,,,,
Jan-13,Head/Neck Cancer,100.0,,,,,,,,,,
Jan-13,Lower Gastrointestinal Cancer,99.0,,,,,,,,,,
Jan-13,Lung Cancer,100.0,,,,,,,,,,
Jan-13,Sarcomas,100.0,,,,,,,,,,
Jan-13,Skin Cancers,95.2,,,,,,,,,,
Jan-13,Upper Gastointestinal Cancer,98.3,,,,,,,,,,
Jan-13,Urological Cancer,93.9,,,,,,,,,,
Jan-13,Other,100.0,,,,,,,,,,
Feb-13,Brain/Central Nervous System,100.0,,,,,,,,,,
Feb-13,Breast Cancer,91.4,,,,,,,,,,
Feb-13,Gynae Cancers,94.7,,,,,,,,,,
Feb-13,Haematological Cancers,100.0,,,,,,,,,,
Feb-13,Head/Neck Cancer,90.9,,,,,,,,,,
Feb-13,Lower Gastrointestinal Cancer,96.6,,,,,,,,,,
Feb-13,Lung Cancer,98.9,,,,,,,,,,
Feb-13,Sarcomas,100.0,,,,,,,,,,
Feb-13,Skin Cancers,98.3,,,,,,,,,,
Feb-13,Upper Gastointestinal Cancer,100.0,,,,,,,,,,
Feb-13,Urological Cancer,95.3,,,,,,,,,,
Feb-13,Other,100.0,,,,,,,,,,
Mar-13,Brain/Central Nervous System,100.0,,,,,,,,,,
Mar-13,Breast Cancer,100.0,,,,,,,,,,
Mar-13,Gynae Cancers,85.7,,,,,,,,,,
Mar-13,Haematological Cancers,100.0,,,,,,,,,,
Mar-13,Head/Neck Cancer,100.0,,,,,,,,,,
Mar-13,Lower Gastrointestinal Cancer,98.8,,,,,,,,,,
Mar-13,Lung Cancer,98.9,,,,,,,,,,
Mar-13,Sarcomas,N/A,,,,,,,,,,
Mar-13,Skin Cancers,99.2,,,,,,,,,,
Mar-13,Upper Gastointestinal Cancer,100.0,,,,,,,,,,
Mar-13,Urological Cancer,97.2,,,,,,,,,,
Mar-13,Other,100.0,,,,,,,,,,
Apr-13,Brain/Central Nervous System,100.0,,,,,,,,,,
Apr-13,Breast Cancer,100.0,,,,,,,,,,
Apr-13,Gynae Cancers,90.7,,,,,,,,,,
Apr-13,Haematological Cancers,100.0,,,,,,,,,,
Apr-13,Head/Neck Cancer,100.0,,,,,,,,,,
Apr-13,Lower Gastrointestinal Cancer,96.7,,,,,,,,,,
Apr-13,Lung Cancer,96.2,,,,,,,,,,
Apr-13,Sarcomas,100.0,,,,,,,,,,
Apr-13,Skin Cancers,93.3,,,,,,,,,,
Apr-13,Upper Gastointestinal Cancer,95.3,,,,,,,,,,
Apr-13,Urological Cancer,89.3,,,,,,,,,,
Apr-13,Other,93.8,,,,,,,,,,
May-13,Brain/Central Nervous System,100.0,,,,,,,,,,
May-13,Breast Cancer,100.0,,,,,,,,,,
May-13,Gynae Cancers,86.5,,,,,,,,,,
May-13,Haematological Cancers,100.0,,,,,,,,,,
May-13,Head/Neck Cancer,100.0,,,,,,,,,,
May-13,Lower Gastrointestinal Cancer,99.0,,,,,,,,,,
May-13,Lung Cancer,97.1,,,,,,,,,,
May-13,Sarcomas,100.0,,,,,,,,,,
May-13,Skin Cancers,100.0,,,,,,,,,,
May-13,Upper Gastointestinal Cancer,100.0,,,,,,,,,,
May-13,Urological Cancer,97.3,,,,,,,,,,
May-13,Other,100.0,,,,,,,,,,
Jun-13,Brain/Central Nervous System,100.0,,,,,,,,,,
Jun-13,Breast Cancer,100.0,,,,,,,,,,
Jun-13,Gynae Cancers,97.4,,,,,,,,,,
Jun-13,Haematological Cancers,100.0,,,,,,,,,,
Jun-13,Head/Neck Cancer,100.0,,,,,,,,,,
Jun-13,Lower Gastrointestinal Cancer,100.0,,,,,,,,,,
Jun-13,Lung Cancer,95.2,,,,,,,,,,
Jun-13,Sarcomas,100.0,,,,,,,,,,
Jun-13,Skin Cancers,99.1,,,,,,,,,,
Jun-13,Upper Gastointestinal Cancer,96.6,,,,,,,,,,
Jun-13,Urological Cancer,94.6,,,,,,,,,,
Jun-13,Other,100.0,,,,,,,,,,
Jul-13,Brain/Central Nervous System,100.0,,,,,,,,,,
Jul-13,Breast Cancer,100.0,,,,,,,,,,
Jul-13,Gynae Cancers,92.6,,,,,,,,,,
Jul-13,Haematological Cancers,100.0,,,,,,,,,,
Jul-13,Head/Neck Cancer,97.6,,,,,,,,,,
Jul-13,Lower Gastrointestinal Cancer,97.8,,,,,,,,,,
Jul-13,Lung Cancer,92.2,,,,,,,,,,
Jul-13,Sarcomas,100.0,,,,,,,,,,
Jul-13,Skin Cancers,99.0,,,,,,,,,,
Jul-13,Upper Gastointestinal Cancer,96.7,,,,,,,,,,
Jul-13,Urological Cancer,91.2,,,,,,,,,,
Jul-13,Other,93.3,,,,,,,,,,
Aug-13,Brain/Central Nervous System,100.0,,,,,,,,,,
Aug-13,Breast Cancer,100.0,,,,,,,,,,
Aug-13,Gynae Cancers,100.0,,,,,,,,,,
Aug-13,Haematological Cancers,100.0,,,,,,,,,,
Aug-13,Head/Neck Cancer,96.3,,,,,,,,,,
Aug-13,Lower Gastrointestinal Cancer,100.0,,,,,,,,,,
Aug-13,Lung Cancer,96.2,,,,,,,,,,
Aug-13,Sarcomas,100.0,,,,,,,,,,
Aug-13,Skin Cancers,97.2,,,,,,,,,,
Aug-13,Upper Gastointestinal Cancer,96.4,,,,,,,,,,
Aug-13,Urological Cancer,99.2,,,,,,,,,,
Aug-13,Other,100.0,,,,,,,,,,
Sep-13,Brain/Central Nervous System,100.0,,,,,,,,,,
Sep-13,Breast Cancer,99.1,,,,,,,,,,
Sep-13,Gynae Cancers,100.0,,,,,,,,,,
Sep-13,Haematological Cancers,100.0,,,,,,,,,,
Sep-13,Head/Neck Cancer,100.0,,,,,,,,,,
Sep-13,Lower Gastrointestinal Cancer,96.9,,,,,,,,,,
Sep-13,Lung Cancer,92.2,,,,,,,,,,
Sep-13,Sarcomas,100.0,,,,,,,,,,
Sep-13,Skin Cancers,97.2,,,,,,,,,,
Sep-13,Upper Gastointestinal Cancer,100.0,,,,,,,,,,
Sep-13,Urological Cancer,97.0,,,,,,,,,,
Sep-13,Other,100.0,,,,,,,,,,
Oct-13,Brain/Central Nervous System,100.0,,,,,,,,,,
Oct-13,Breast Cancer,100.0,,,,,,,,,,
Oct-13,Gynae Cancers,100.0,,,,,,,,,,
Oct-13,Haematological Cancers,100.0,,,,,,,,,,
Oct-13,Head/Neck Cancer,97.7,,,,,,,,,,
Oct-13,Lower Gastrointestinal Cancer,100.0,,,,,,,,,,
Oct-13,Lung Cancer,91.9,,,,,,,,,,
Oct-13,Sarcomas,100.0,,,,,,,,,,
Oct-13,Skin Cancers,96.2,,,,,,,,,,
Oct-13,Upper Gastointestinal Cancer,98.8,,,,,,,,,,
Oct-13,Urological Cancer,94.2,,,,,,,,,,
Oct-13,Other,100.0,,,,,,,,,,
Nov-13,Brain/Central Nervous System,100.0,,,,,,,,,,
Nov-13,Breast Cancer,100.0,,,,,,,,,,
Nov-13,Gynae Cancers,100.0,,,,,,,,,,
Nov-13,Haematological Cancers,100.0,,,,,,,,,,
Nov-13,Head/Neck Cancer,100.0,,,,,,,,,,
Nov-13,Lower Gastrointestinal Cancer,98.9,,,,,,,,,,
Nov-13,Lung Cancer,99.0,,,,,,,,,,
Nov-13,Sarcomas,100.0,,,,,,,,,,
Nov-13,Skin Cancers,99.1,,,,,,,,,,
Nov-13,Upper Gastointestinal Cancer,98.4,,,,,,,,,,
Nov-13,Urological Cancer,96.1,,,,,,,,,,
Nov-13,Other,100.0,,,,,,,,,,
Dec-13,Brain/Central Nervous System,100.0,,,,,,,,,,
Dec-13,Breast Cancer,100.0,,,,,,,,,,
Dec-13,Gynae Cancers,100.0,,,,,,,,,,
Dec-13,Haematological Cancers,100.0,,,,,,,,,,
Dec-13,Head/Neck Cancer,100.0,,,,,,,,,,
Dec-13,Lower Gastrointestinal Cancer,100.0,,,,,,,,,,
Dec-13,Lung Cancer,97.9,,,,,,,,,,
Dec-13,Sarcomas,100.0,,,,,,,,,,
Dec-13,Skin Cancers,98.8,,,,,,,,,,
Dec-13,Upper Gastointestinal Cancer,98.1,,,,,,,,,,
Dec-13,Urological Cancer,95.6,,,,,,,,,,
Dec-13,Other,100.0,,,,,,,,,,
Jan-14,Brain/Central Nervous System,100.0,,,,,,,,,,
Jan-14,Breast Cancer,98.1,,,,,,,,,,
Jan-14,Gynae Cancers,93.8,,,,,,,,,,
Jan-14,Haematological Cancers,100.0,,,,,,,,,,
Jan-14,Head/Neck Cancer,100.0,,,,,,,,,,
Jan-14,Lower Gastrointestinal Cancer,98.2,,,,,,,,,,
Jan-14,Lung Cancer,97.8,,,,,,,,,,
Jan-14,Sarcomas,100.0,,,,,,,,,,
Jan-14,Skin Cancers,96.9,,,,,,,,,,
Jan-14,Upper Gastointestinal Cancer,98.6,,,,,,,,,,
Jan-14,Urological Cancer,94.1,,,,,,,,,,
Jan-14,Other,100.0,,,,,,,,,,
Feb-14,Brain/Central Nervous System,100.0,,,,,,,,,,
Feb-14,Breast Cancer,100.0,,,,,,,,,,
Feb-14,Gynae Cancers,97.0,,,,,,,,,,
Feb-14,Haematological Cancers,100.0,,,,,,,,,,
Feb-14,Head/Neck Cancer,100.0,,,,,,,,,,
Feb-14,Lower Gastrointestinal Cancer,98.8,,,,,,,,,,
Feb-14,Lung Cancer,93.8,,,,,,,,,,
Feb-14,Sarcomas,100.0,,,,,,,,,,
Feb-14,Skin Cancers,90.5,,,,,,,,,,
Feb-14,Upper Gastointestinal Cancer,96.8,,,,,,,,,,
Feb-14,Urological Cancer,94.1,,,,,,,,,,
Feb-14,Other,100.0,,,,,,,,,,
Mar-14,Brain/Central Nervous System,100.0,,,,,,,,,,
Mar-14,Breast Cancer,98.2,,,,,,,,,,
Mar-14,Gynae Cancers,97.9,,,,,,,,,,
Mar-14,Haematological Cancers,100.0,,,,,,,,,,
Mar-14,Head/Neck Cancer,100.0,,,,,,,,,,
Mar-14,Lower Gastrointestinal Cancer,100.0,,,,,,,,,,
Mar-14,Lung Cancer,97.8,,,,,,,,,,
Mar-14,Sarcomas,100.0,,,,,,,,,,
Mar-14,Skin Cancers,96.6,,,,,,,,,,
Mar-14,Upper Gastointestinal Cancer,96.4,,,,,,,,,,
Mar-14,Urological Cancer,93.8,,,,,,,,,,
Mar-14,Other,100.0,,,,,,,,,,
Apr-14,Brain/Central Nervous System,100.0,,,,,,,,,,
Apr-14,Breast Cancer,96.4,,,,,,,,,,
Apr-14,Gynae Cancers,100.0,,,,,,,,,,
Apr-14,Haematological Cancers,100.0,,,,,,,,,,
Apr-14,Head/Neck Cancer,100.0,,,,,,,,,,
Apr-14,Lower Gastrointestinal Cancer,100.0,,,,,,,,,,
Apr-14,Lung Cancer,98.8,,,,,,,,,,
Apr-14,Sarcomas,100.0,,,,,,,,,,
Apr-14,Skin Cancers,99.0,,,,,,,,,,
Apr-14,Upper Gastointestinal Cancer,93.8,,,,,,,,,,
Apr-14,Urological Cancer,90.0,,,,,,,,,,
Apr-14,Other,100.0,,,,,,,,,,
May-14,Brain/Central Nervous System,100.0,,,,,,,,,,
May-14,Breast Cancer,98.9,,,,,,,,,,
May-14,Gynae Cancers,89.2,,,,,,,,,,
May-14,Haematological Cancers,100.0,,,,,,,,,,
May-14,Head/Neck Cancer,88.2,,,,,,,,,,
May-14,Lower Gastrointestinal Cancer,97.6,,,,,,,,,,
May-14,Lung Cancer,99.0,,,,,,,,,,
May-14,Sarcomas,100.0,,,,,,,,,,
May-14,Skin Cancers,94.4,,,,,,,,,,
May-14,Upper Gastointestinal Cancer,100.0,,,,,,,,,,
May-14,Urological Cancer,95.4,,,,,,,,,,
May-14,Other,100.0,,,,,,,,,,
Jun-14,Brain/Central Nervous System,100.0,,,,,,,,,,
Jun-14,Breast Cancer,99.0,,,,,,,,,,
Jun-14,Gynae Cancers,97.7,,,,,,,,,,
Jun-14,Haematological Cancers,100.0,,,,,,,,,,
Jun-14,Head/Neck Cancer,84.6,,,,,,,,,,
Jun-14,Lower Gastrointestinal Cancer,99.0,,,,,,,,,,
Jun-14,Lung Cancer,98.0,,,,,,,,,,
Jun-14,Sarcomas,100.0,,,,,,,,,,
Jun-14,Skin Cancers,99.1,,,,,,,,,,
Jun-14,Upper Gastointestinal Cancer,92.4,,,,,,,,,,
Jun-14,Urological Cancer,94.5,,,,,,,,,,
Jun-14,Other,100.0,,,,,,,,,,
Jul-14,Brain/Central Nervous System,100.0,,,,,,,,,,
Jul-14,Breast Cancer,96.2,,,,,,,,,,
Jul-14,Gynae Cancers,100.0,,,,,,,,,,
Jul-14,Haematological Cancers,100.0,,,,,,,,,,
Jul-14,Head/Neck Cancer,100.0,,,,,,,,,,
Jul-14,Lower Gastrointestinal Cancer,100.0,,,,,,,,,,
Jul-14,Lung Cancer,98.9,,,,,,,,,,
Jul-14,Sarcomas,100.0,,,,,,,,,,
Jul-14,Skin Cancers,98.0,,,,,,,,,,
Jul-14,Upper Gastointestinal Cancer,96.2,,,,,,,,,,
Jul-14,Urological Cancer,91.1,,,,,,,,,,
Jul-14,Other,100.0,,,,,,,,,,
Aug-14,Brain/Central Nervous System,100.0,,,,,,,,,,
Aug-14,Breast Cancer,99.1,,,,,,,,,,
Aug-14,Gynae Cancers,97.0,,,,,,,,,,
Aug-14,Haematological Cancers,100.0,,,,,,,,,,
Aug-14,Head/Neck Cancer,100.0,,,,,,,,,,
Aug-14,Lower Gastrointestinal Cancer,100.0,,,,,,,,,,
Aug-14,Lung Cancer,95.3,,,,,,,,,,
Aug-14,Sarcomas,100.0,,,,,,,,,,
Aug-14,Skin Cancers,95.5,,,,,,,,,,
Aug-14,Upper Gastointestinal Cancer,100.0,,,,,,,,,,
Aug-14,Urological Cancer,87.2,,,,,,,,,,
Aug-14,Other,90.0,,,,,,,,,,
Sep-14,Brain/Central Nervous System,100.0,,,,,,,,,,
Sep-14,Breast Cancer,98.3,,,,,,,,,,
Sep-14,Gynae Cancers,97.4,,,,,,,,,,
Sep-14,Haematological Cancers,100.0,,,,,,,,,,
Sep-14,Head/Neck Cancer,97.0,,,,,,,,,,
Sep-14,Lower Gastrointestinal Cancer,97.1,,,,,,,,,,
Sep-14,Lung Cancer,93.8,,,,,,,,,,
Sep-14,Sarcomas,83.3,,,,,,,,,,
Sep-14,Skin Cancers,95.1,,,,,,,,,,
Sep-14,Upper Gastointestinal Cancer,94.2,,,,,,,,,,
Sep-14,Urological Cancer,89.1,,,,,,,,,,
Sep-14,Other,94.4,,,,,,,,,,
Oct-14,Brain/Central Nervous System,100.0,,,,,,,,,,
Oct-14,Breast Cancer,100.0,,,,,,,,,,
Oct-14,Gynae Cancers,97.6,,,,,,,,,,
Oct-14,Haematological Cancers,100.0,,,,,,,,,,
Oct-14,Head/Neck Cancer,91.7,,,,,,,,,,
Oct-14,Lower Gastrointestinal Cancer,100.0,,,,,,,,,,
Oct-14,Lung Cancer,99.1,,,,,,,,,,
Oct-14,Sarcomas,100.0,,,,,,,,,,
Oct-14,Skin Cancers,95.7,,,,,,,,,,
Oct-14,Upper Gastointestinal Cancer,97.2,,,,,,,,,,
Oct-14,Urological Cancer,92.1,,,,,,,,,,
Oct-14,Other,100.0,,,,,,,,,,
Nov-14,Brain/Central Nervous System,100.0,,,,,,,,,,
Nov-14,Breast Cancer,100.0,,,,,,,,,,
Nov-14,Gynae Cancers,95.5,,,,,,,,,,
Nov-14,Haematological Cancers,100.0,,,,,,,,,,
Nov-14,Head/Neck Cancer,96.7,,,,,,,,,,
Nov-14,Lower Gastrointestinal Cancer,98.9,,,,,,,,,,
Nov-14,Lung Cancer,97.9,,,,,,,,,,
Nov-14,Sarcomas,100.0,,,,,,,,,,
Nov-14,Skin Cancers,94.3,,,,,,,,,,
Nov-14,Upper Gastointestinal Cancer,95.0,,,,,,,,,,
Nov-14,Urological Cancer,90.5,,,,,,,,,,
Nov-14,Other,94.7,,,,,,,,,,
Dec-14,Brain/Central Nervous System,100.0,,,,,,,,,,
Dec-14,Breast Cancer,100.0,,,,,,,,,,
Dec-14,Gynae Cancers,100.0,,,,,,,,,,
Dec-14,Haematological Cancers,100.0,,,,,,,,,,
Dec-14,Head/Neck Cancer,100.0,,,,,,,,,,
Dec-14,Lower Gastrointestinal Cancer,99.1,,,,,,,,,,
Dec-14,Lung Cancer,95.4,,,,,,,,,,
Dec-14,Sarcomas,100.0,,,,,,,,,,
Dec-14,Skin Cancers,92.1,,,,,,,,,,
Dec-14,Upper Gastointestinal Cancer,96.5,,,,,,,,,,
Dec-14,Urological Cancer,86.2,,,,,,,,,,
Dec-14,Other,100.0,,,,,,,,,,
Jan-15,Brain/Central Nervous System,93.8,,,,,,,,,,
Jan-15,Breast Cancer,100.0,,,,,,,,,,
Jan-15,Gynae Cancers,90.2,,,,,,,,,,
Jan-15,Haematological Cancers,100.0,,,,,,,,,,
Jan-15,Head/Neck Cancer,100.0,,,,,,,,,,
Jan-15,Lower Gastrointestinal Cancer,96.1,,,,,,,,,,
Jan-15,Lung Cancer,96.2,,,,,,,,,,
Jan-15,Sarcomas,100.0,,,,,,,,,,
Jan-15,Skin Cancers,89.6,,,,,,,,,,
Jan-15,Upper Gastointestinal Cancer,98.4,,,,,,,,,,
Jan-15,Urological Cancer,87.0,,,,,,,,,,
Jan-15,Other,100.0,,,,,,,,,,
Feb-15,Brain/Central Nervous System,100.0,,,,,,,,,,
Feb-15,Breast Cancer,100.0,,,,,,,,,,
Feb-15,Gynae Cancers,97.3,,,,,,,,,,
Feb-15,Haematological Cancers,100.0,,,,,,,,,,
Feb-15,Head/Neck Cancer,100.0,,,,,,,,,,
Feb-15,Lower Gastrointestinal Cancer,100.0,,,,,,,,,,
Feb-15,Lung Cancer,95.5,,,,,,,,,,
Feb-15,Sarcomas,100.0,,,,,,,,,,
Feb-15,Skin Cancers,96.1,,,,,,,,,,
Feb-15,Upper Gastointestinal Cancer,94.5,,,,,,,,,,
Feb-15,Urological Cancer,87.5,,,,,,,,,,
Feb-15,Other,100.0,,,,,,,,,,
Mar-15,Brain/Central Nervous System,100.0,,,,,,,,,,
Mar-15,Breast Cancer,100.0,,,,,,,,,,
Mar-15,Gynae Cancers,94.4,,,,,,,,,,
Mar-15,Haematological Cancers,100.0,,,,,,,,,,
Mar-15,Head/Neck Cancer,97.1,,,,,,,,,,
Mar-15,Lower Gastrointestinal Cancer,98.9,,,,,,,,,,
Mar-15,Lung Cancer,100.0,,,,,,,,,,
Mar-15,Sarcomas,100.0,,,,,,,,,,
Mar-15,Skin Cancers,98.0,,,,,,,,,,
Mar-15,Upper Gastointestinal Cancer,98.6,,,,,,,,,,
Mar-15,Urological Cancer,86.6,,,,,,,,,,
Mar-15,Other,100.0,,,,,,,,,,
Apr-15,Brain/Central Nervous System,100.0,,,,,,,,,,
Apr-15,Breast Cancer,99.1,,,,,,,,,,
Apr-15,Gynae Cancers,92.3,,,,,,,,,,
Apr-15,Haematological Cancers,100.0,,,,,,,,,,
Apr-15,Head/Neck Cancer,94.6,,,,,,,,,,
Apr-15,Lower Gastrointestinal Cancer,100.0,,,,,,,,,,
Apr-15,Lung Cancer,95.3,,,,,,,,,,
Apr-15,Sarcomas,100.0,,,,,,,,,,
Apr-15,Skin Cancers,96.0,,,,,,,,,,
Apr-15,Upper Gastointestinal Cancer,98.0,,,,,,,,,,
Apr-15,Urological Cancer,92.8,,,,,,,,,,
Apr-15,Other,100.0,,,,,,,,,,
May-15,Brain/Central Nervous System,100.0,,,,,,,,,,
May-15,Breast Cancer,99.2,,,,,,,,,,
May-15,Gynae Cancers,92.7,,,,,,,,,,
May-15,Haematological Cancers,100.0,,,,,,,,,,
May-15,Head/Neck Cancer,100.0,,,,,,,,,,
May-15,Lower Gastrointestinal Cancer,100.0,,,,,,,,,,
May-15,Lung Cancer,97.0,,,,,,,,,,
May-15,Sarcomas,100.0,,,,,,,,,,
May-15,Skin Cancers,92.9,,,,,,,,,,
May-15,Upper Gastointestinal Cancer,97.7,,,,,,,,,,
May-15,Urological Cancer,85.2,,,,,,,,,,
May-15,Other,95.0,,,,,,,,,,
Jun-15,Brain/Central Nervous System,90.9,,,,,,,,,,
Jun-15,Breast Cancer,99.4,,,,,,,,,,
Jun-15,Gynae Cancers,100.0,,,,,,,,,,
Jun-15,Haematological Cancers,100.0,,,,,,,,,,
Jun-15,Head/Neck Cancer,100.0,,,,,,,,,,
Jun-15,Lower Gastrointestinal Cancer,96.7,,,,,,,,,,
Jun-15,Lung Cancer,99.1,,,,,,,,,,
Jun-15,Sarcomas,100.0,,,,,,,,,,
Jun-15,Skin Cancers,94.4,,,,,,,,,,
Jun-15,Upper Gastointestinal Cancer,98.4,,,,,,,,,,
Jun-15,Urological Cancer,89.8,,,,,,,,,,
Jun-15,Other,93.8,,,,,,,,,,
Jul-15,Brain/Central Nervous System,100.0,,,,,,,,,,
Jul-15,Breast Cancer,97.4,,,,,,,,,,
Jul-15,Gynae Cancers,95.6,,,,,,,,,,
Jul-15,Haematological Cancers,100.0,,,,,,,,,,
Jul-15,Head/Neck Cancer,100.0,,,,,,,,,,
Jul-15,Lower Gastrointestinal Cancer,100.0,,,,,,,,,,
Jul-15,Lung Cancer,97.8,,,,,,,,,,
Jul-15,Sarcomas,100.0,,,,,,,,,,
Jul-15,Skin Cancers,95.7,,,,,,,,,,
Jul-15,Upper Gastointestinal Cancer,93.4,,,,,,,,,,
Jul-15,Urological Cancer,92.6,,,,,,,,,,
Jul-15,Other,100.0,,,,,,,,,,
Aug-15,Brain/Central Nervous System,100.0,,,,,,,,,,
Aug-15,Breast Cancer,99.0,,,,,,,,,,
Aug-15,Gynae Cancers,97.9,,,,,,,,,,
Aug-15,Haematological Cancers,100.0,,,,,,,,,,
Aug-15,Head/Neck Cancer,100.0,,,,,,,,,,
Aug-15,Lower Gastrointestinal Cancer,97.8,,,,,,,,,,
Aug-15,Lung Cancer,95.6,,,,,,,,,,
Aug-15,Sarcomas,100.0,,,,,,,,,,
Aug-15,Skin Cancers,95.1,,,,,,,,,,
Aug-15,Upper Gastointestinal Cancer,100.0,,,,,,,,,,
Aug-15,Urological Cancer,88.0,,,,,,,,,,
Aug-15,Other,92.9,,,,,,,,,,
Sep-15,Brain/Central Nervous System,100.0,,,,,,,,,,
Sep-15,Breast Cancer,99.2,,,,,,,,,,
Sep-15,Gynae Cancers,95.8,,,,,,,,,,
Sep-15,Haematological Cancers,100.0,,,,,,,,,,
Sep-15,Head/Neck Cancer,97.4,,,,,,,,,,
Sep-15,Lower Gastrointestinal Cancer,96.7,,,,,,,,,,
Sep-15,Lung Cancer,96.2,,,,,,,,,,
Sep-15,Sarcomas,100.0,,,,,,,,,,
Sep-15,Skin Cancers,96.6,,,,,,,,,,
Sep-15,Upper Gastointestinal Cancer,96.6,,,,,,,,,,
Sep-15,Urological Cancer,91.7,,,,,,,,,,
Sep-15,Other,100.0,,,,,,,,,,
Oct-15,Brain/Central Nervous System,100.0,,,,,,,,,,
Oct-15,Breast Cancer,100.0,,,,,,,,,,
Oct-15,Gynae Cancers,93.6,,,,,,,,,,
Oct-15,Haematological Cancers,100.0,,,,,,,,,,
Oct-15,Head/Neck Cancer,100.0,,,,,,,,,,
Oct-15,Lower Gastrointestinal Cancer,98.9,,,,,,,,,,
Oct-15,Lung Cancer,97.4,,,,,,,,,,
Oct-15,Sarcomas,N/A,,,,,,,,,,
Oct-15,Skin Cancers,99.2,,,,,,,,,,
Oct-15,Upper Gastointestinal Cancer,95.3,,,,,,,,,,
Oct-15,Urological Cancer,88.8,,,,,,,,,,
Oct-15,Other,95.5,,,,,,,,,,
Nov-15,Brain/Central Nervous System,100.0,,,,,,,,,,
Nov-15,Breast Cancer,94.0,,,,,,,,,,
Nov-15,Gynae Cancers,92.0,,,,,,,,,,
Nov-15,Haematological Cancers,100.0,,,,,,,,,,
Nov-15,Head/Neck Cancer,97.4,,,,,,,,,,
Nov-15,Lower Gastrointestinal Cancer,96.7,,,,,,,,,,
Nov-15,Lung Cancer,97.9,,,,,,,,,,
Nov-15,Sarcomas,100.0,,,,,,,,,,
Nov-15,Skin Cancers,95.9,,,,,,,,,,
Nov-15,Upper Gastointestinal Cancer,95.9,,,,,,,,,,
Nov-15,Urological Cancer,90.6,,,,,,,,,,
Nov-15,Other,100.0,,,,,,,,,,
Dec-15,Brain/Central Nervous System,100.0,,,,,,,,,,
Dec-15,Breast Cancer,98.8,,,,,,,,,,
Dec-15,Gynae Cancers,95.2,,,,,,,,,,
Dec-15,Haematological Cancers,100.0,,,,,,,,,,
Dec-15,Head/Neck Cancer,100.0,,,,,,,,,,
Dec-15,Lower Gastrointestinal Cancer,96.7,,,,,,,,,,
Dec-15,Lung Cancer,100.0,,,,,,,,,,
Dec-15,Sarcomas,100.0,,,,,,,,,,
Dec-15,Skin Cancers,96.6,,,,,,,,,,
Dec-15,Upper Gastointestinal Cancer,100.0,,,,,,,,,,
Dec-15,Urological Cancer,90.1,,,,,,,,,,
Dec-15,Other,100.0,,,,,,,,,,
Jan-16,Brain/Central Nervous System,91.7,,,,,,,,,,
Jan-16,Breast Cancer,97.7,,,,,,,,,,
Jan-16,Gynae Cancers,94.4,,,,,,,,,,
Jan-16,Haematological Cancers,100.0,,,,,,,,,,
Jan-16,Head/Neck Cancer,94.1,,,,,,,,,,
Jan-16,Lower Gastrointestinal Cancer,94.8,,,,,,,,,,
Jan-16,Lung Cancer,98.7,,,,,,,,,,
Jan-16,Sarcomas,80.0,,,,,,,,,,
Jan-16,Skin Cancers,94.8,,,,,,,,,,
Jan-16,Upper Gastointestinal Cancer,95.8,,,,,,,,,,
Jan-16,Urological Cancer,87.6,,,,,,,,,,
Jan-16,Other,93.8,,,,,,,,,,
Feb-16,Brain/Central Nervous System,100.0,,,,,,,,,,
Feb-16,Breast Cancer,100.0,,,,,,,,,,
Feb-16,Gynae Cancers,97.4,,,,,,,,,,
Feb-16,Haematological Cancers,100.0,,,,,,,,,,
Feb-16,Head/Neck Cancer,100.0,,,,,,,,,,
Feb-16,Lower Gastrointestinal Cancer,98.1,,,,,,,,,,
Feb-16,Lung Cancer,98.0,,,,,,,,,,
Feb-16,Sarcomas,100.0,,,,,,,,,,
Feb-16,Skin Cancers,94.3,,,,,,,,,,
Feb-16,Upper Gastointestinal Cancer,93.3,,,,,,,,,,
Feb-16,Urological Cancer,89.9,,,,,,,,,,
Feb-16,Other,94.4,,,,,,,,,,
Mar-16,Brain/Central Nervous System,100.0,,,,,,,,,,
Mar-16,Breast Cancer,99.2,,,,,,,,,,
Mar-16,Gynae Cancers,100.0,,,,,,,,,,
Mar-16,Haematological Cancers,100.0,,,,,,,,,,
Mar-16,Head/Neck Cancer,97.0,,,,,,,,,,
Mar-16,Lower Gastrointestinal Cancer,98.7,,,,,,,,,,
Mar-16,Lung Cancer,95.8,,,,,,,,,,
Mar-16,Sarcomas,100.0,,,,,,,,,,
Mar-16,Skin Cancers,98.1,,,,,,,,,,
Mar-16,Upper Gastointestinal Cancer,98.5,,,,,,,,,,
Mar-16,Urological Cancer,83.3,,,,,,,,,,
Mar-16,Other,100.0,,,,,,,,,,
Apr-16,Brain/Central Nervous System,-,,,,,,,,,,
Apr-16,Breast Cancer,95.7,,,,,,,,,,
Apr-16,Gynae Cancers,68.8,,,,,,,,,,
Apr-16,Haematological Cancers,100.0,,,,,,,,,,
Apr-16,Head/Neck Cancer,62.5,,,,,,,,,,
Apr-16,Lower Gastrointestinal Cancer,40.0,,,,,,,,,,
Apr-16,Lung Cancer,63.6,,,,,,,,,,
Apr-16,Sarcomas,50.0,,,,,,,,,,
Apr-16,Skin Cancers,72.4,,,,,,,,,,
Apr-16,Upper Gastointestinal Cancer,42.9,,,,,,,,,,
Apr-16,Urological Cancer,57.5,,,,,,,,,,
Apr-16,Other,66.7,,,,,,,,,,
May-16,Brain/Central Nervous System,100.0,,,,,,,,,,
May-16,Breast Cancer,94.6,,,,,,,,,,
May-16,Gynae Cancers,90.2,,,,,,,,,,
May-16,Haematological Cancers,100.0,,,,,,,,,,
May-16,Head/Neck Cancer,96.6,,,,,,,,,,
May-16,Lower Gastrointestinal Cancer,96.7,,,,,,,,,,
May-16,Lung Cancer,91.6,,,,,,,,,,
May-16,Sarcomas,100.0,,,,,,,,,,
May-16,Skin Cancers,91.4,,,,,,,,,,
May-16,Upper Gastointestinal Cancer,98.4,,,,,,,,,,
May-16,Urological Cancer,88.7,,,,,,,,,,
May-16,Other,100.0,,,,,,,,,,
Jun-16,Brain/Central Nervous System,100.0,,,,,,,,,,
Jun-16,Breast Cancer,88.9,,,,,,,,,,
Jun-16,Gynae Cancers,95.5,,,,,,,,,,
Jun-16,Haematological Cancers,100.0,,,,,,,,,,
Jun-16,Head/Neck Cancer,100.0,,,,,,,,,,
Jun-16,Lower Gastrointestinal Cancer,97.8,,,,,,,,,,
Jun-16,Lung Cancer,92.9,,,,,,,,,,
Jun-16,Sarcomas,100.0,,,,,,,,,,
Jun-16,Skin Cancers,98.5,,,,,,,,,,
Jun-16,Upper Gastointestinal Cancer,95.9,,,,,,,,,,
Jun-16,Urological Cancer,79.9,,,,,,,,,,
Jun-16,Other,100.0,,,,,,,,,,
Jul-16,Brain/Central Nervous System,100.0,,,,,,,,,,
Jul-16,Breast Cancer,85.1,,,,,,,,,,
Jul-16,Gynae Cancers,87.5,,,,,,,,,,
Jul-16,Haematological Cancers,100.0,,,,,,,,,,
Jul-16,Head/Neck Cancer,100.0,,,,,,,,,,
Jul-16,Lower Gastrointestinal Cancer,100.0,,,,,,,,,,
Jul-16,Lung Cancer,93.5,,,,,,,,,,
Jul-16,Sarcomas,75.0,,,,,,,,,,
Jul-16,Skin Cancers,94.9,,,,,,,,,,
Jul-16,Upper Gastointestinal Cancer,96.8,,,,,,,,,,
Jul-16,Urological Cancer,88.0,,,,,,,,,,
Jul-16,Other,100.0,,,,,,,,,,
Aug-16,Brain/Central Nervous System,100.0,,,,,,,,,,
Aug-16,Breast Cancer,84.6,,,,,,,,,,
Aug-16,Gynae Cancers,100.0,,,,,,,,,,
Aug-16,Haematological Cancers,100.0,,,,,,,,,,
Aug-16,Head/Neck Cancer,100.0,,,,,,,,,,
Aug-16,Lower Gastrointestinal Cancer,98.9,,,,,,,,,,
Aug-16,Lung Cancer,94.1,,,,,,,,,,
Aug-16,Sarcomas,100.0,,,,,,,,,,
Aug-16,Skin Cancers,96.5,,,,,,,,,,
Aug-16,Upper Gastointestinal Cancer,97.1,,,,,,,,,,
Aug-16,Urological Cancer,91.3,,,,,,,,,,
Aug-16,Other,100.0,,,,,,,,,,
Sep-16,Brain/Central Nervous System,100.0,,,,,,,,,,
Sep-16,Breast Cancer,93.0,,,,,,,,,,
Sep-16,Gynae Cancers,97.3,,,,,,,,,,
Sep-16,Haematological Cancers,100.0,,,,,,,,,,
Sep-16,Head/Neck Cancer,100.0,,,,,,,,,,
Sep-16,Lower Gastrointestinal Cancer,100.0,,,,,,,,,,
Sep-16,Lung Cancer,93.9,,,,,,,,,,
Sep-16,Sarcomas,100.0,,,,,,,,,,
Sep-16,Skin Cancers,92.8,,,,,,,,,,
Sep-16,Upper Gastointestinal Cancer,96.2,,,,,,,,,,
Sep-16,Urological Cancer,85.6,,,,,,,,,,
Sep-16,Other,100.0,,,,,,,,,,
Oct-16,Brain/Central Nervous System,100.0,,,,,,,,,,
Oct-16,Breast Cancer,93.4,,,,,,,,,,
Oct-16,Gynae Cancers,92.0,,,,,,,,,,
Oct-16,Haematological Cancers,100.0,,,,,,,,,,
Oct-16,Head/Neck Cancer,96.9,,,,,,,,,,
Oct-16,Lower Gastrointestinal Cancer,100.0,,,,,,,,,,
Oct-16,Lung Cancer,96.2,,,,,,,,,,
Oct-16,Sarcomas,100.0,,,,,,,,,,
Oct-16,Skin Cancers,92.2,,,,,,,,,,
Oct-16,Upper Gastointestinal Cancer,98.2,,,,,,,,,,
Oct-16,Urological Cancer,86.3,,,,,,,,,,
Oct-16,Other,100.0,,,,,,,,,,
Nov-16,Brain/Central Nervous System,100.0,,,,,,,,,,
Nov-16,Breast Cancer,95.7,,,,,,,,,,
Nov-16,Gynae Cancers,94.4,,,,,,,,,,
Nov-16,Haematological Cancers,100.0,,,,,,,,,,
Nov-16,Head/Neck Cancer,97.0,,,,,,,,,,
Nov-16,Lower Gastrointestinal Cancer,99.0,,,,,,,,,,
Nov-16,Lung Cancer,95.4,,,,,,,,,,
Nov-16,Sarcomas,100.0,,,,,,,,,,
Nov-16,Skin Cancers,94.1,,,,,,,,,,
Nov-16,Upper Gastointestinal Cancer,97.3,,,,,,,,,,
Nov-16,Urological Cancer,88.8,,,,,,,,,,
Nov-16,Other,100.0,,,,,,,,,,
Dec-16,Brain/Central Nervous System,100.0,,,,,,,,,,
Dec-16,Breast Cancer,95.1,,,,,,,,,,
Dec-16,Gynae Cancers,93.0,,,,,,,,,,
Dec-16,Haematological Cancers,100.0,,,,,,,,,,
Dec-16,Head/Neck Cancer,96.3,,,,,,,,,,
Dec-16,Lower Gastrointestinal Cancer,96.7,,,,,,,,,,
Dec-16,Lung Cancer,99.0,,,,,,,,,,
Dec-16,Sarcomas,100.0,,,,,,,,,,
Dec-16,Skin Cancers,99.2,,,,,,,,,,
Dec-16,Upper Gastointestinal Cancer,96.5,,,,,,,,,,
Dec-16,Urological Cancer,91.3,,,,,,,,,,
Dec-16,Other,100.0,,,,,,,,,,
Jan-17,Brain Central Tumour,91.7,,,,,,,,,,
Jan-17,Breast Cancer,93.0,,,,,,,,,,
Jan-17,Gynae Cancers,90.5,,,,,,,,,,
Jan-17,Haematological Cancers,98.4,,,,,,,,,,
Jan-17,Head/Neck Cancer,95.0,,,,,,,,,,
Jan-17,Lower Gastrointestinal Cancer,95.7,,,,,,,,,,
Jan-17,Lung Cancer,95.6,,,,,,,,,,
Jan-17,Sarcomas,100.0,,,,,,,,,,
Jan-17,Skin Cancers,97.7,,,,,,,,,,
Jan-17,Upper Gastointestinal Cancer,94.9,,,,,,,,,,
Jan-17,Urological Cancer,89.2,,,,,,,,,,
Jan-17,Other,100.0,,,,,,,,,,
Feb-17,Brain Central Tumour,100.0,,,,,,,,,,
Feb-17,Breast Cancer,96.9,,,,,,,,,,
Feb-17,Gynae Cancers,92.9,,,,,,,,,,
Feb-17,Haematological Cancers,100.0,,,,,,,,,,
Feb-17,Head/Neck Cancer,100.0,,,,,,,,,,
Feb-17,Lower Gastrointestinal Cancer,98.8,,,,,,,,,,
Feb-17,Lung Cancer,94.9,,,,,,,,,,
Feb-17,Sarcomas,100.0,,,,,,,,,,
Feb-17,Skin Cancers,98.2,,,,,,,,,,
Feb-17,Upper Gastointestinal Cancer,98.4,,,,,,,,,,
Feb-17,Urological Cancer,83.6,,,,,,,,,,
Feb-17,Other,100.0,,,,,,,,,,
Mar-17,Brain Central Tumour,100.0,,,,,,,,,,
Mar-17,Breast Cancer,99.1,,,,,,,,,,
Mar-17,Gynae Cancers,90.2,,,,,,,,,,
Mar-17,Haematological Cancers,100.0,,,,,,,,,,
Mar-17,Head/Neck Cancer,97.3,,,,,,,,,,
Mar-17,Lower Gastrointestinal Cancer,96.7,,,,,,,,,,
Mar-17,Lung Cancer,95.4,,,,,,,,,,
Mar-17,Sarcomas,100.0,,,,,,,,,,
Mar-17,Skin Cancers,95.9,,,,,,,,,,
Mar-17,Upper Gastointestinal Cancer,98.6,,,,,,,,,,
Mar-17,Urological Cancer,83.0,,,,,,,,,,
Mar-17,Other,93.3,,,,,,,,,,
Apr-17,Brain Central Tumour,100.0,,,,,,,,,,
Apr-17,Breast Cancer,93.0,,,,,,,,,,
Apr-17,Gynae Cancers,100.0,,,,,,,,,,
Apr-17,Haematological Cancers,100.0,,,,,,,,,,
Apr-17,Head/Neck Cancer,100.0,,,,,,,,,,
Apr-17,Lower Gastrointestinal Cancer,94.9,,,,,,,,,,
Apr-17,Lung Cancer,96.1,,,,,,,,,,
Apr-17,Sarcomas,50.0,,,,,,,,,,
Apr-17,Skin Cancers,97.0,,,,,,,,,,
Apr-17,Upper Gastointestinal Cancer,100.0,,,,,,,,,,
Apr-17,Urological Cancer,86.1,,,,,,,,,,
Apr-17,Other,100.0,,,,,,,,,,
May-17,Brain Central Tumour,100.0,,,,,,,,,,
May-17,Breast Cancer,95.0,,,,,,,,,,
May-17,Gynae Cancers,73.5,,,,,,,,,,
May-17,Haematological Cancers,100.0,,,,,,,,,,
May-17,Head/Neck Cancer,100.0,,,,,,,,,,
May-17,Lower Gastrointestinal Cancer,94.2,,,,,,,,,,
May-17,Lung Cancer,96.1,,,,,,,,,,
May-17,Sarcomas,100.0,,,,,,,,,,
May-17,Skin Cancers,91.5,,,,,,,,,,
May-17,Upper Gastointestinal Cancer,96.6,,,,,,,,,,
May-17,Urological Cancer,87.5,,,,,,,,,,
May-17,Other,100.0,,,,,,,,,,
Jun-17,Brain Central Tumour,100.0,,,,,,,,,,
Jun-17,Breast Cancer,95.3,,,,,,,,,,
Jun-17,Gynae Cancers,84.3,,,,,,,,,,
Jun-17,Haematological Cancers,100.0,,,,,,,,,,
Jun-17,Head/Neck Cancer,96.6,,,,,,,,,,
Jun-17,Lower Gastrointestinal Cancer,100.0,,,,,,,,,,
Jun-17,Lung Cancer,97.8,,,,,,,,,,
Jun-17,Sarcomas,66.7,,,,,,,,,,
Jun-17,Skin Cancers,95.8,,,,,,,,,,
Jun-17,Upper Gastointestinal Cancer,97.4,,,,,,,,,,
Jun-17,Urological Cancer,85.2,,,,,,,,,,
Jun-17,Other,100.0,,,,,,,,,,
Jul-17,Brain Central Tumour,100.0,,,,,,,,,,
Jul-17,Breast Cancer,92.3,,,,,,,,,,
Jul-17,Gynae Cancers,87.5,,,,,,,,,,
Jul-17,Haematological Cancers,100.0,,,,,,,,,,
Jul-17,Head/Neck Cancer,100.0,,,,,,,,,,
Jul-17,Lower Gastrointestinal Cancer,100.0,,,,,,,,,,
Jul-17,Lung Cancer,98.9,,,,,,,,,,
Jul-17,Sarcomas,100.0,,,,,,,,,,
Jul-17,Skin Cancers,96.3,,,,,,,,,,
Jul-17,Upper Gastointestinal Cancer,96.7,,,,,,,,,,
Jul-17,Urological Cancer,89.8,,,,,,,,,,
Jul-17,Other,94.7,,,,,,,,,,
Aug-17,Brain Central Tumour,100.0,,,,,,,,,,
Aug-17,Breast Cancer,98.3,,,,,,,,,,
Aug-17,Gynae Cancers,84.0,,,,,,,,,,
Aug-17,Haematological Cancers,100.0,,,,,,,,,,
Aug-17,Head/Neck Cancer,97.1,,,,,,,,,,
Aug-17,Lower Gastrointestinal Cancer,100.0,,,,,,,,,,
Aug-17,Lung Cancer,91.0,,,,,,,,,,
Aug-17,Sarcomas,100.0,,,,,,,,,,
Aug-17,Skin Cancers,94.3,,,,,,,,,,
Aug-17,Upper Gastointestinal Cancer,97.1,,,,,,,,,,
Aug-17,Urological Cancer,85.5,,,,,,,,,,
Aug-17,Other,100.0,,,,,,,,,,
Sep-17,Brain Central Tumour,100.0,,,,,,,,,,
Sep-17,Breast Cancer,96.4,,,,,,,,,,
Sep-17,Gynae Cancers,96.6,,,,,,,,,,
Sep-17,Haematological Cancers,97.0,,,,,,,,,,
Sep-17,Head/Neck Cancer,100.0,,,,,,,,,,
Sep-17,Lower Gastrointestinal Cancer,93.3,,,,,,,,,,
Sep-17,Lung Cancer,88.5,,,,,,,,,,
Sep-17,Sarcomas,100.0,,,,,,,,,,
Sep-17,Skin Cancers,92.1,,,,,,,,,,
Sep-17,Upper Gastointestinal Cancer,94.9,,,,,,,,,,
Sep-17,Urological Cancer,79.3,,,,,,,,,,
Sep-17,Other,100.0,,,,,,,,,,
Oct-17,Brain Central Tumour,100.0,,,,,,,,,,
Oct-17,Breast Cancer,94.8,,,,,,,,,,
Oct-17,Gynae Cancers,97.7,,,,,,,,,,
Oct-17,Haematological Cancers,100.0,,,,,,,,,,
Oct-17,Head/Neck Cancer,98.1,,,,,,,,,,
Oct-17,Lower Gastrointestinal Cancer,97.8,,,,,,,,,,
Oct-17,Lung Cancer,93.5,,,,,,,,,,
Oct-17,Sarcomas,100.0,,,,,,,,,,
Oct-17,Skin Cancers,92.6,,,,,,,,,,
Oct-17,Upper Gastointestinal Cancer,98.3,,,,,,,,,,
Oct-17,Urological Cancer,90.8,,,,,,,,,,
Oct-17,Other,84.6,,,,,,,,,,
Nov-17,Brain Central Tumour,100.0,,,,,,,,,,
Nov-17,Breast Cancer,84.7,,,,,,,,,,
Nov-17,Gynae Cancers,96.2,,,,,,,,,,
Nov-17,Haematological Cancers,100.0,,,,,,,,,,
Nov-17,Head/Neck Cancer,97.9,,,,,,,,,,
Nov-17,Lower Gastrointestinal Cancer,99.1,,,,,,,,,,
Nov-17,Lung Cancer,90.4,,,,,,,,,,
Nov-17,Sarcomas,100.0,,,,,,,,,,
Nov-17,Skin Cancers,93.8,,,,,,,,,,
Nov-17,Upper Gastointestinal Cancer,98.5,,,,,,,,,,
Nov-17,Urological Cancer,87.2,,,,,,,,,,
Nov-17,Other,100.0,,,,,,,,,,
Dec-17,Brain Central Tumour,100.0,,,,,,,,,,
Dec-17,Breast Cancer,90.5,,,,,,,,,,
Dec-17,Gynae Cancers,91.9,,,,,,,,,,
Dec-17,Haematological Cancers,100.0,,,,,,,,,,
Dec-17,Head/Neck Cancer,100.0,,,,,,,,,,
Dec-17,Lower Gastrointestinal Cancer,100.0,,,,,,,,,,
Dec-17,Lung Cancer,90.7,,,,,,,,,,
Dec-17,Sarcomas,100.0,,,,,,,,,,
Dec-17,Skin Cancers,94.2,,,,,,,,,,
Dec-17,Upper Gastointestinal Cancer,98.2,,,,,,,,,,
Dec-17,Urological Cancer,79.1,,,,,,,,,,
Dec-17,Other,91.7,,,,,,,,,,
Jan-18,Brain Central Tumour,100.0,,,,,,,,,,
Jan-18,Breast Cancer,87.6,,,,,,,,,,
Jan-18,Gynae Cancers,97.8,,,,,,,,,,
Jan-18,Haematological Cancers,100.0,,,,,,,,,,
Jan-18,Head/Neck Cancer,100.0,,,,,,,,,,
Jan-18,Lower Gastrointestinal Cancer,98.3,,,,,,,,,,
Jan-18,Lung Cancer,85.4,,,,,,,,,,
Jan-18,Sarcomas,100.0,,,,,,,,,,
Jan-18,Skin Cancers,95.4,,,,,,,,,,
Jan-18,Upper Gastointestinal Cancer,98.3,,,,,,,,,,
Jan-18,Urological Cancer,83.8,,,,,,,,,,
Jan-18,Other,100.0,,,,,,,,,,
Feb-18,Brain Central Tumour,100.0,,,,,,,,,,
Feb-18,Breast Cancer,87.5,,,,,,,,,,
Feb-18,Gynae Cancers,97.6,,,,,,,,,,
Feb-18,Haematological Cancers,100.0,,,,,,,,,,
Feb-18,Head/Neck Cancer,97.0,,,,,,,,,,
Feb-18,Lower Gastrointestinal Cancer,97.3,,,,,,,,,,
Feb-18,Lung Cancer,96.2,,,,,,,,,,
Feb-18,Sarcomas,100.0,,,,,,,,,,
Feb-18,Skin Cancers,95.2,,,,,,,,,,
Feb-18,Upper Gastointestinal Cancer,93.8,,,,,,,,,,
Feb-18,Urological Cancer,84.2,,,,,,,,,,
Feb-18,Other,100.0,,,,,,,,,,
Mar-18,Brain Central Tumour,100.0,,,,,,,,,,
Mar-18,Breast Cancer,98.6,,,,,,,,,,
Mar-18,Gynae Cancers,100.0,,,,,,,,,,
Mar-18,Haematological Cancers,100.0,,,,,,,,,,
Mar-18,Head/Neck Cancer,100.0,,,,,,,,,,
Mar-18,Lower Gastrointestinal Cancer,97.7,,,,,,,,,,
Mar-18,Lung Cancer,94.2,,,,,,,,,,
Mar-18,Sarcomas,-,,,,,,,,,,
Mar-18,Skin Cancers,93.5,,,,,,,,,,
Mar-18,Upper Gastointestinal Cancer,100.0,,,,,,,,,,
Mar-18,Urological Cancer,92.9,,,,,,,,,,
Mar-18,Other,100.0,,,,,,,,,,
Apr-18,Brain Central Tumour,100.0,,,,,,,,,,
Apr-18,Breast Cancer,93.6,,,,,,,,,,
Apr-18,Gynae Cancers,96.2,,,,,,,,,,
Apr-18,Haematological Cancers,100.0,,,,,,,,,,
Apr-18,Head/Neck Cancer,100.0,,,,,,,,,,
Apr-18,Lower Gastrointestinal Cancer,96.8,,,,,,,,,,
Apr-18,Lung Cancer,92.5,,,,,,,,,,
Apr-18,Sarcomas,100.0,,,,,,,,,,
Apr-18,Skin Cancers,94.8,,,,,,,,,,
Apr-18,Upper Gastointestinal Cancer,98.4,,,,,,,,,,
Apr-18,Urological Cancer,89.9,,,,,,,,,,
Apr-18,Other,100.0,,,,,,,,,,
May-18,Brain Central Tumour,100.0,,,,,,,,,,
May-18,Breast Cancer,96.5,,,,,,,,,,
May-18,Gynae Cancers,91.1,,,,,,,,,,
May-18,Haematological Cancers,100.0,,,,,,,,,,
May-18,Head/Neck Cancer,100.0,,,,,,,,,,
May-18,Lower Gastrointestinal Cancer,94.7,,,,,,,,,,
May-18,Lung Cancer,91.4,,,,,,,,,,
May-18,Sarcomas,100.0,,,,,,,,,,
May-18,Skin Cancers,94.4,,,,,,,,,,
May-18,Upper Gastointestinal Cancer,95.3,,,,,,,,,,
May-18,Urological Cancer,84.6,,,,,,,,,,
May-18,Other,91.7,,,,,,,,,,
Jun-18,Brain Central Tumour,100.0,,,,,,,,,,
Jun-18,Breast Cancer,96.2,,,,,,,,,,
Jun-18,Gynae Cancers,96.4,,,,,,,,,,
Jun-18,Haematological Cancers,100.0,,,,,,,,,,
Jun-18,Head/Neck Cancer,100.0,,,,,,,,,,
Jun-18,Lower Gastrointestinal Cancer,97.9,,,,,,,,,,
Jun-18,Lung Cancer,89.9,,,,,,,,,,
Jun-18,Sarcomas,100.0,,,,,,,,,,
Jun-18,Skin Cancers,95.2,,,,,,,,,,
Jun-18,Upper Gastointestinal Cancer,96.9,,,,,,,,,,
Jun-18,Urological Cancer,91.7,,,,,,,,,,
Jun-18,Other,100.0,,,,,,,,,,
Jul-18,Brain Central Tumour,100.0,,,,,,,,,,
Jul-18,Breast Cancer,96.4,,,,,,,,,,
Jul-18,Gynae Cancers,90.0,,,,,,,,,,
Jul-18,Haematological Cancers,100.0,,,,,,,,,,
Jul-18,Head/Neck Cancer,97.4,,,,,,,,,,
Jul-18,Lower Gastrointestinal Cancer,94.6,,,,,,,,,,
Jul-18,Lung Cancer,90.2,,,,,,,,,,
Jul-18,Sarcomas,50.0,,,,,,,,,,
Jul-18,Skin Cancers,92.9,,,,,,,,,,
Jul-18,Upper Gastointestinal Cancer,100.0,,,,,,,,,,
Jul-18,Urological Cancer,92.2,,,,,,,,,,
Jul-18,Other,94.1,,,,,,,,,,
Aug-18,Brain Central Tumour,100.0,,,,,,,,,,
Aug-18,Breast Cancer,88.3,,,,,,,,,,
Aug-18,Gynae Cancers,87.0,,,,,,,,,,
Aug-18,Haematological Cancers,100.0,,,,,,,,,,
Aug-18,Head/Neck Cancer,92.5,,,,,,,,,,
Aug-18,Lower Gastrointestinal Cancer,94.6,,,,,,,,,,
Aug-18,Lung Cancer,90.6,,,,,,,,,,
Aug-18,Sarcomas,80.0,,,,,,,,,,
Aug-18,Skin Cancers,97.2,,,,,,,,,,
Aug-18,Upper Gastointestinal Cancer,96.7,,,,,,,,,,
Aug-18,Urological Cancer,90.3,,,,,,,,,,
Aug-18,Other,100.0,,,,,,,,,,
Sep-18,Brain Central Tumour,100.0,,,,,,,,,,
Sep-18,Breast Cancer,85.1,,,,,,,,,,
Sep-18,Gynae Cancers,93.5,,,,,,,,,,
Sep-18,Haematological Cancers,100.0,,,,,,,,,,
Sep-18,Head/Neck Cancer,96.9,,,,,,,,,,
Sep-18,Lower Gastrointestinal Cancer,95.3,,,,,,,,,,
Sep-18,Lung Cancer,81.9,,,,,,,,,,
Sep-18,Sarcomas,80.0,,,,,,,,,,
Sep-18,Skin Cancers,96.3,,,,,,,,,,
Sep-18,Upper Gastointestinal Cancer,97.3,,,,,,,,,,
Sep-18,Urological Cancer,87.3,,,,,,,,,,
Sep-18,Other,100.0,,,,,,,,,,
Oct-18,Brain Central Tumour,100.0,,,,,,,,,,
Oct-18,Breast Cancer,96.1,,,,,,,,,,
Oct-18,Gynae Cancers,93.9,,,,,,,,,,
Oct-18,Haematological Cancers,100.0,,,,,,,,,,
Oct-18,Head/Neck Cancer,100.0,,,,,,,,,,
Oct-18,Lower Gastrointestinal Cancer,100.0,,,,,,,,,,
Oct-18,Lung Cancer,89.3,,,,,,,,,,
Oct-18,Sarcomas,100.0,,,,,,,,,,
Oct-18,Skin Cancers,94.8,,,,,,,,,,
Oct-18,Upper Gastointestinal Cancer,97.0,,,,,,,,,,
Oct-18,Urological Cancer,92.1,,,,,,,,,,
Oct-18,Other,95.5,,,,,,,,,,
Nov-18,Brain Central Tumour,100.0,,,,,,,,,,
Nov-18,Breast Cancer,97.0,,,,,,,,,,
Nov-18,Gynae Cancers,93.2,,,,,,,,,,
Nov-18,Haematological Cancers,100.0,,,,,,,,,,
Nov-18,Head/Neck Cancer,100.0,,,,,,,,,,
Nov-18,Lower Gastrointestinal Cancer,99.0,,,,,,,,,,
Nov-18,Lung Cancer,85.7,,,,,,,,,,
Nov-18,Sarcomas,75.0,,,,,,,,,,
Nov-18,Skin Cancers,89.8,,,,,,,,,,
Nov-18,Upper Gastointestinal Cancer,100.0,,,,,,,,,,
Nov-18,Urological Cancer,85.0,,,,,,,,,,
Nov-18,Other,95.2,,,,,,,,,,
Dec-18,Brain Central Tumour,100.0,,,,,,,,,,
Dec-18,Breast Cancer,95.2,,,,,,,,,,
Dec-18,Gynae Cancers,83.7,,,,,,,,,,
Dec-18,Haematological Cancers,100.0,,,,,,,,,,
Dec-18,Head/Neck Cancer,100.0,,,,,,,,,,
Dec-18,Lower Gastrointestinal Cancer,97.6,,,,,,,,,,
Dec-18,Lung Cancer,84.4,,,,,,,,,,
Dec-18,Sarcomas,80.0,,,,,,,,,,
Dec-18,Skin Cancers,95.3,,,,,,,,,,
Dec-18,Upper Gastointestinal Cancer,100.0,,,,,,,,,,
Dec-18,Urological Cancer,88.3,,,,,,,,,,
Dec-18,Other,100.0,,,,,,,,,,
Jan-19,Brain Central Tumour,100.0,,,,,,,,,,
Jan-19,Breast Cancer,95.7,,,,,,,,,,
Jan-19,Gynae Cancers,85.2,,,,,,,,,,
Jan-19,Haematological Cancers,100.0,,,,,,,,,,
Jan-19,Head/Neck Cancer,94.7,,,,,,,,,,
Jan-19,Lower Gastrointestinal Cancer,95.3,,,,,,,,,,
Jan-19,Lung Cancer,90.9,,,,,,,,,,
Jan-19,Sarcomas,100.0,,,,,,,,,,
Jan-19,Skin Cancers,89.1,,,,,,,,,,
Jan-19,Upper Gastointestinal Cancer,98.9,,,,,,,,,,
Jan-19,Urological Cancer,85.3,,,,,,,,,,
Jan-19,Other,92.9,,,,,,,,,,
Feb-19,Brain Central Tumour,100.0,,,,,,,,,,
Feb-19,Breast Cancer,96.1,,,,,,,,,,
Feb-19,Gynae Cancers,95.8,,,,,,,,,,
Feb-19,Haematological Cancers,100.0,,,,,,,,,,
Feb-19,Head/Neck Cancer,94.9,,,,,,,,,,
Feb-19,Lower Gastrointestinal Cancer,97.7,,,,,,,,,,
Feb-19,Lung Cancer,92.0,,,,,,,,,,
Feb-19,Sarcomas,100.0,,,,,,,,,,
Feb-19,Skin Cancers,96.5,,,,,,,,,,
Feb-19,Upper Gastointestinal Cancer,100.0,,,,,,,,,,
Feb-19,Urological Cancer,90.2,,,,,,,,,,
Feb-19,Other,94.1,,,,,,,,,,
Mar-19,Brain Central Tumour,100.0,,,,,,,,,,
Mar-19,Breast Cancer,96.5,,,,,,,,,,
Mar-19,Gynae Cancers,100.0,,,,,,,,,,
Mar-19,Haematological Cancers,100.0,,,,,,,,,,
Mar-19,Head/Neck Cancer,97.1,,,,,,,,,,
Mar-19,Lower Gastrointestinal Cancer,97.9,,,,,,,,,,
Mar-19,Lung Cancer,94.2,,,,,,,,,,
Mar-19,Sarcomas,75.0,,,,,,,,,,
Mar-19,Skin Cancers,93.2,,,,,,,,,,
Mar-19,Upper Gastointestinal Cancer,96.7,,,,,,,,,,
Mar-19,Urological Cancer,83.7,,,,,,,,,,
Mar-19,Other,85.7,,,,,,,,,,
Apr-19,Brain Central Tumour,100.0,,,,,,,,,,
Apr-19,Breast Cancer,97.6,,,,,,,,,,
Apr-19,Gynae Cancers,94.0,,,,,,,,,,
Apr-19,Haematological Cancers,98.5,,,,,,,,,,
Apr-19,Head/Neck Cancer,100.0,,,,,,,,,,
Apr-19,Lower Gastrointestinal Cancer,91.7,,,,,,,,,,
Apr-19,Lung Cancer,85.7,,,,,,,,,,
Apr-19,Sarcomas,83.3,,,,,,,,,,
Apr-19,Skin Cancers,87.0,,,,,,,,,,
Apr-19,Upper Gastointestinal Cancer,93.1,,,,,,,,,,
Apr-19,Urological Cancer,92.6,,,,,,,,,,
Apr-19,Other,100.0,,,,,,,,,,
May-19,Brain Central Tumour,100.0,,,,,,,,,,
May-19,Breast Cancer,88.7,,,,,,,,,,
May-19,Gynae Cancers,97.9,,,,,,,,,,
May-19,Haematological Cancers,100.0,,,,,,,,,,
May-19,Head/Neck Cancer,96.7,,,,,,,,,,
May-19,Lower Gastrointestinal Cancer,95.6,,,,,,,,,,
May-19,Lung Cancer,87.5,,,,,,,,,,
May-19,Sarcomas,100.0,,,,,,,,,,
May-19,Skin Cancers,92.9,,,,,,,,,,
May-19,Upper Gastointestinal Cancer,100.0,,,,,,,,,,
May-19,Urological Cancer,88.5,,,,,,,,,,
May-19,Other,94.1,,,,,,,,,,
Jun-19,Brain Central Tumour,100.0,,,,,,,,,,
Jun-19,Breast Cancer,95.9,,,,,,,,,,
Jun-19,Gynae Cancers,95.1,,,,,,,,,,
Jun-19,Haematological Cancers,100.0,,,,,,,,,,
Jun-19,Head/Neck Cancer,97.5,,,,,,,,,,
Jun-19,Lower Gastrointestinal Cancer,94.1,,,,,,,,,,
Jun-19,Lung Cancer,93.2,,,,,,,,,,
Jun-19,Sarcomas,100.0,,,,,,,,,,
Jun-19,Skin Cancers,90.3,,,,,,,,,,
Jun-19,Upper Gastointestinal Cancer,92.9,,,,,,,,,,
Jun-19,Urological Cancer,88.3,,,,,,,,,,
Jun-19,Other,100.0,,,,,,,,,,
